run_id,pipeline_id,run_date,start_time,end_time,status,records_processed,compute_cost
R0001,P009,2025-03-23,2025-03-23 06:44:00,2025-03-23 07:59:00,Success,7954094,15.29
R0002,P004,2025-01-02,2025-01-02 20:02:00,2025-01-02 20:36:00,Success,2487480,6.3
R0003,P006,2025-04-18,2025-04-18 23:27:00,2025-04-19 00:12:00,Success,4190510,16.97
R0004,P005,2025-01-09,2025-01-09 21:53:00,2025-01-09 22:28:00,Success,7405542,3.39
R0005,P003,2025-03-23,2025-03-23 16:05:00,2025-03-23 16:23:00,Success,6869900,7.9
R0006,P007,2025-02-27,2025-02-27 07:48:00,2025-02-27 07:59:00,Success,2729046,0.71
R0007,P005,2025-01-08,2025-01-08 07:36:00,2025-01-08 09:02:00,Success,1336253,25.72
R0008,P003,2025-01-07,2025-01-07 18:06:00,2025-01-07 18:17:00,Failed,0,3.74
R0009,P002,2025-03-04,2025-03-04 19:20:00,2025-03-04 20:05:00,Success,5210933,10.89
R0010,P002,2025-01-04,2025-01-04 05:34:00,2025-01-04 06:03:00,Failed,0,3.2
R0011,P002,2025-03-21,2025-03-21 21:02:00,2025-03-21 21:41:00,Success,5659645,10.51
R0012,P010,2025-01-29,2025-01-29 21:12:00,2025-01-29 22:20:00,Success,7260219,16.69
R0013,P007,2025-02-11,2025-02-11 11:47:00,2025-02-11 13:14:00,Success,975119,22.53
R0014,P001,2025-03-29,2025-03-29 15:48:00,2025-03-29 17:12:00,Success,6967252,27.9
R0015,P006,2025-03-25,2025-03-25 07:18:00,2025-03-25 07:55:00,Success,4435507,16.78
R0016,P001,2025-03-25,2025-03-25 03:54:00,2025-03-25 04:02:00,Failed,0,1.73
R0017,P004,2025-03-17,2025-03-17 05:06:00,2025-03-17 06:04:00,Success,1629000,26.16
R0018,P010,2025-03-13,2025-03-13 11:21:00,2025-03-13 11:56:00,Success,8673228,8.34
R0019,P008,2025-01-29,2025-01-29 05:37:00,2025-01-29 06:26:00,Success,1000917,16.94
R0020,P003,2025-04-30,2025-04-30 19:44:00,2025-04-30 21:57:00,Delayed,9748785,13.61
R0021,P002,2025-03-04,2025-03-04 23:17:00,2025-03-05 00:27:00,Success,4654590,30.42
R0022,P002,2025-01-24,2025-01-24 00:18:00,2025-01-24 01:26:00,Success,4760673,10.33
R0023,P006,2025-04-11,2025-04-11 13:14:00,2025-04-11 13:40:00,Success,6630535,5.73
R0024,P005,2025-01-05,2025-01-05 01:37:00,2025-01-05 02:53:00,Success,9774015,10.19
R0025,P001,2025-02-18,2025-02-18 06:44:00,2025-02-18 09:26:00,Delayed,9331608,41.87
R0026,P005,2025-03-09,2025-03-09 05:00:00,2025-03-09 06:35:00,Delayed,6343741,44.0
R0027,P009,2025-01-31,2025-01-31 00:02:00,2025-01-31 00:48:00,Success,4049222,6.68
R0028,P010,2025-01-02,2025-01-02 21:27:00,2025-01-02 22:28:00,Success,2628439,24.22
R0029,P003,2025-01-31,2025-01-31 01:11:00,2025-01-31 01:58:00,Success,757444,10.2
R0030,P005,2025-03-20,2025-03-20 02:10:00,2025-03-20 03:07:00,Success,2981748,5.9
R0031,P005,2025-04-25,2025-04-25 23:16:00,2025-04-26 00:33:00,Success,1336778,33.07
R0032,P010,2025-02-15,2025-02-15 19:30:00,2025-02-15 20:42:00,Success,3143966,4.43
R0033,P004,2025-03-08,2025-03-08 04:32:00,2025-03-08 04:54:00,Running,1813519,5.29
R0034,P003,2025-01-19,2025-01-19 07:58:00,2025-01-19 08:20:00,Failed,0,6.24
R0035,P010,2025-03-09,2025-03-09 08:46:00,2025-03-09 09:47:00,Success,5584240,4.07
R0036,P007,2025-01-15,2025-01-15 10:51:00,2025-01-15 11:38:00,Success,2763749,23.32
R0037,P002,2025-03-15,2025-03-15 16:50:00,2025-03-15 17:14:00,Success,3836858,4.51
R0038,P002,2025-04-20,2025-04-20 12:46:00,2025-04-20 13:05:00,Failed,0,3.69
R0039,P005,2025-04-24,2025-04-24 21:49:00,2025-04-24 22:31:00,Success,3313275,5.93
R0040,P007,2025-02-25,2025-02-25 04:46:00,2025-02-25 06:50:00,Delayed,8019952,36.1
R0041,P008,2025-01-08,2025-01-08 11:02:00,2025-01-08 11:24:00,Success,2775278,8.65
R0042,P003,2025-02-12,2025-02-12 04:18:00,2025-02-12 04:45:00,Failed,0,11.81
R0043,P003,2025-03-25,2025-03-25 07:47:00,2025-03-25 08:13:00,Failed,0,6.22
R0044,P008,2025-03-03,2025-03-03 19:10:00,2025-03-03 19:46:00,Success,2324907,13.9
R0045,P003,2025-01-27,2025-01-27 16:10:00,2025-01-27 16:58:00,Success,9879546,17.42
R0046,P009,2025-04-04,2025-04-04 10:11:00,2025-04-04 10:46:00,Success,7300546,7.02
R0047,P009,2025-03-28,2025-03-28 20:51:00,2025-03-28 22:07:00,Delayed,5758739,4.67
R0048,P007,2025-02-14,2025-02-14 04:09:00,2025-02-14 04:19:00,Success,6450285,4.54
R0049,P006,2025-01-18,2025-01-18 05:57:00,2025-01-18 07:42:00,Delayed,2336896,46.67
R0050,P001,2025-02-15,2025-02-15 07:34:00,2025-02-15 09:00:00,Success,2418153,31.48
R0051,P008,2025-03-13,2025-03-13 17:23:00,2025-03-13 17:35:00,Failed,0,5.51
R0052,P010,2025-03-21,2025-03-21 05:05:00,2025-03-21 06:04:00,Running,4332654,28.29
R0053,P005,2025-03-04,2025-03-04 02:57:00,2025-03-04 03:14:00,Success,2722643,2.17
R0054,P010,2025-02-26,2025-02-26 01:56:00,2025-02-26 02:50:00,Success,6329103,16.56
R0055,P010,2025-02-02,2025-02-02 02:18:00,2025-02-02 03:06:00,Success,1080897,9.98
R0056,P004,2025-02-27,2025-02-27 01:27:00,2025-02-27 02:56:00,Success,7701856,23.86
R0057,P009,2025-04-30,2025-04-30 03:59:00,2025-04-30 04:15:00,Failed,0,1.25
R0058,P010,2025-02-22,2025-02-22 23:10:00,2025-02-23 00:32:00,Running,4368983,33.64
R0059,P008,2025-01-22,2025-01-22 06:43:00,2025-01-22 07:05:00,Failed,0,9.09
R0060,P009,2025-03-03,2025-03-03 23:03:00,2025-03-04 00:02:00,Success,5234411,10.63
R0061,P007,2025-03-17,2025-03-17 21:15:00,2025-03-17 21:31:00,Success,2235277,5.46
R0062,P003,2025-02-09,2025-02-09 21:27:00,2025-02-09 22:32:00,Success,1480338,11.2
R0063,P008,2025-01-03,2025-01-03 05:35:00,2025-01-03 06:03:00,Success,1321439,13.98
R0064,P009,2025-04-11,2025-04-11 13:20:00,2025-04-11 13:34:00,Success,7105612,4.76
R0065,P010,2025-01-16,2025-01-16 18:49:00,2025-01-16 19:14:00,Failed,0,6.89
R0066,P009,2025-04-05,2025-04-05 05:47:00,2025-04-05 06:05:00,Success,3251541,2.41
R0067,P004,2025-01-31,2025-01-31 04:19:00,2025-01-31 05:41:00,Success,4483242,15.36
R0068,P003,2025-02-26,2025-02-26 20:17:00,2025-02-26 21:30:00,Success,8968190,27.39
R0069,P001,2025-03-11,2025-03-11 00:51:00,2025-03-11 01:21:00,Success,1667354,11.28
R0070,P006,2025-03-27,2025-03-27 11:52:00,2025-03-27 12:13:00,Failed,0,3.05
R0071,P006,2025-03-12,2025-03-12 04:45:00,2025-03-12 05:16:00,Success,9429558,4.89
R0072,P007,2025-01-07,2025-01-07 04:53:00,2025-01-07 06:15:00,Success,1111237,37.4
R0073,P008,2025-03-26,2025-03-26 20:21:00,2025-03-26 21:26:00,Success,5874114,24.87
R0074,P003,2025-04-14,2025-04-14 22:40:00,2025-04-14 23:00:00,Failed,0,9.87
R0075,P007,2025-01-07,2025-01-07 22:31:00,2025-01-07 23:12:00,Success,5514969,3.64
R0076,P001,2025-03-10,2025-03-10 18:58:00,2025-03-10 19:59:00,Success,1957858,22.24
R0077,P004,2025-02-11,2025-02-11 05:15:00,2025-02-11 06:44:00,Success,7371718,42.24
R0078,P006,2025-04-05,2025-04-05 02:01:00,2025-04-05 02:26:00,Success,5588634,9.19
R0079,P010,2025-02-06,2025-02-06 14:35:00,2025-02-06 15:19:00,Success,8429541,8.46
R0080,P005,2025-02-26,2025-02-26 01:14:00,2025-02-26 01:29:00,Success,490209,5.18
R0081,P003,2025-03-09,2025-03-09 12:49:00,2025-03-09 13:18:00,Running,2894713,3.93
R0082,P001,2025-05-01,2025-05-01 22:25:00,2025-05-01 23:31:00,Success,5553750,20.99
R0083,P007,2025-04-13,2025-04-13 08:19:00,2025-04-13 09:10:00,Running,4983506,23.45
R0084,P010,2025-02-21,2025-02-21 11:21:00,2025-02-21 11:40:00,Success,8081594,2.56
R0085,P008,2025-02-26,2025-02-26 08:48:00,2025-02-26 09:35:00,Success,1743966,7.65
R0086,P003,2025-03-14,2025-03-14 07:14:00,2025-03-14 07:45:00,Success,9773662,7.86
R0087,P002,2025-04-09,2025-04-09 00:45:00,2025-04-09 02:01:00,Success,6291869,25.47
R0088,P002,2025-05-01,2025-05-01 01:41:00,2025-05-01 02:32:00,Success,8113007,5.49
R0089,P002,2025-01-27,2025-01-27 09:34:00,2025-01-27 10:07:00,Success,4466399,9.88
R0090,P004,2025-03-11,2025-03-11 02:56:00,2025-03-11 03:11:00,Success,9500047,4.37
R0091,P009,2025-04-22,2025-04-22 20:13:00,2025-04-22 20:59:00,Success,3276482,18.6
R0092,P002,2025-02-10,2025-02-10 10:59:00,2025-02-10 12:04:00,Success,7571690,6.32
R0093,P007,2025-02-23,2025-02-23 21:15:00,2025-02-23 22:37:00,Success,2894101,6.49
R0094,P006,2025-01-24,2025-01-24 04:04:00,2025-01-24 04:23:00,Failed,0,4.17
R0095,P005,2025-03-05,2025-03-05 15:43:00,2025-03-05 16:11:00,Success,5382602,9.2
R0096,P005,2025-03-24,2025-03-24 12:02:00,2025-03-24 12:44:00,Success,6903699,4.0
R0097,P010,2025-02-20,2025-02-20 12:44:00,2025-02-20 13:43:00,Success,8278385,26.71
R0098,P010,2025-02-08,2025-02-08 20:34:00,2025-02-08 21:13:00,Success,2833476,13.6
R0099,P008,2025-03-11,2025-03-11 13:48:00,2025-03-11 14:23:00,Success,5306933,4.87
R0100,P005,2025-01-21,2025-01-21 10:46:00,2025-01-21 11:34:00,Running,4954194,16.64
R0101,P009,2025-01-16,2025-01-16 23:10:00,2025-01-16 23:30:00,Failed,0,7.0
R0102,P007,2025-03-22,2025-03-22 04:37:00,2025-03-22 05:56:00,Success,1377180,5.34
R0103,P010,2025-03-15,2025-03-15 01:38:00,2025-03-15 02:07:00,Success,3031006,13.03
R0104,P010,2025-02-20,2025-02-20 02:21:00,2025-02-20 04:19:00,Delayed,8818602,19.69
R0105,P003,2025-04-16,2025-04-16 17:50:00,2025-04-16 18:14:00,Success,9893216,10.74
R0106,P005,2025-02-13,2025-02-13 06:41:00,2025-02-13 07:11:00,Failed,0,12.08
R0107,P003,2025-03-21,2025-03-21 05:34:00,2025-03-21 06:21:00,Success,5021886,21.23
R0108,P003,2025-04-17,2025-04-17 00:50:00,2025-04-17 01:12:00,Running,9724333,10.33
R0109,P010,2025-03-25,2025-03-25 08:23:00,2025-03-25 09:18:00,Success,3259140,13.58
R0110,P004,2025-01-07,2025-01-07 21:15:00,2025-01-07 22:14:00,Success,3463735,23.24
R0111,P006,2025-04-02,2025-04-02 09:28:00,2025-04-02 10:29:00,Success,9795348,9.75
R0112,P009,2025-03-23,2025-03-23 10:45:00,2025-03-23 11:25:00,Success,573232,18.67
R0113,P005,2025-04-17,2025-04-17 23:19:00,2025-04-17 23:48:00,Success,9038240,8.57
R0114,P008,2025-02-15,2025-02-15 18:08:00,2025-02-15 18:30:00,Success,4052164,3.29
R0115,P003,2025-03-15,2025-03-15 05:45:00,2025-03-15 08:04:00,Delayed,6008781,23.17
R0116,P003,2025-03-04,2025-03-04 00:39:00,2025-03-04 02:51:00,Delayed,3370565,14.39
R0117,P008,2025-02-24,2025-02-24 09:54:00,2025-02-24 10:59:00,Success,4490904,28.6
R0118,P007,2025-04-28,2025-04-28 08:38:00,2025-04-28 09:38:00,Success,9850905,27.01
R0119,P003,2025-01-19,2025-01-19 05:06:00,2025-01-19 05:18:00,Running,6392389,0.8
R0120,P005,2025-01-23,2025-01-23 19:05:00,2025-01-23 19:30:00,Success,6787376,4.13
R0121,P005,2025-04-05,2025-04-05 10:34:00,2025-04-05 11:04:00,Failed,0,11.56
R0122,P008,2025-04-22,2025-04-22 05:55:00,2025-04-22 07:14:00,Success,6505268,31.19
R0123,P009,2025-02-01,2025-02-01 12:55:00,2025-02-01 14:00:00,Delayed,9966688,21.35
R0124,P010,2025-02-20,2025-02-20 07:49:00,2025-02-20 09:06:00,Success,1452868,6.76
R0125,P001,2025-05-01,2025-05-01 15:38:00,2025-05-01 17:42:00,Delayed,6227425,56.73
R0126,P003,2025-04-24,2025-04-24 22:48:00,2025-04-24 23:14:00,Success,3167350,3.33
R0127,P007,2025-04-12,2025-04-12 04:29:00,2025-04-12 05:33:00,Success,6848600,9.18
R0128,P010,2025-03-19,2025-03-19 18:18:00,2025-03-19 20:36:00,Delayed,8241650,29.64
R0129,P002,2025-03-08,2025-03-08 07:42:00,2025-03-08 08:52:00,Success,5352489,26.87
R0130,P004,2025-03-28,2025-03-28 15:03:00,2025-03-28 16:05:00,Success,9914979,14.25
R0131,P006,2025-03-27,2025-03-27 19:05:00,2025-03-27 20:34:00,Delayed,8555744,25.93
R0132,P003,2025-01-30,2025-01-30 11:05:00,2025-01-30 12:18:00,Success,269542,16.39
R0133,P007,2025-03-22,2025-03-22 15:35:00,2025-03-22 16:02:00,Failed,0,4.34
R0134,P010,2025-03-22,2025-03-22 15:46:00,2025-03-22 15:56:00,Success,1426266,4.55
R0135,P009,2025-01-26,2025-01-26 14:55:00,2025-01-26 15:47:00,Success,9383380,21.5
R0136,P008,2025-03-01,2025-03-01 06:08:00,2025-03-01 06:37:00,Failed,0,2.41
R0137,P003,2025-04-29,2025-04-29 12:09:00,2025-04-29 12:31:00,Success,8228076,10.74
R0138,P008,2025-04-12,2025-04-12 19:50:00,2025-04-12 20:05:00,Success,1870512,6.78
R0139,P010,2025-04-07,2025-04-07 06:18:00,2025-04-07 07:32:00,Success,6814579,35.83
R0140,P007,2025-03-06,2025-03-06 17:41:00,2025-03-06 19:08:00,Success,631064,13.97
R0141,P001,2025-04-29,2025-04-29 16:29:00,2025-04-29 16:56:00,Failed,0,7.26
R0142,P009,2025-01-17,2025-01-17 03:13:00,2025-01-17 03:29:00,Success,6395970,2.8
R0143,P001,2025-04-27,2025-04-27 21:57:00,2025-04-27 22:41:00,Success,4368211,13.57
R0144,P007,2025-01-31,2025-01-31 09:44:00,2025-01-31 10:55:00,Success,195199,25.28
R0145,P010,2025-03-27,2025-03-27 02:27:00,2025-03-27 02:42:00,Running,472677,4.9
R0146,P006,2025-03-08,2025-03-08 07:52:00,2025-03-08 08:19:00,Failed,0,2.09
R0147,P006,2025-02-12,2025-02-12 12:38:00,2025-02-12 14:07:00,Success,1729661,21.1
R0148,P001,2025-01-28,2025-01-28 21:34:00,2025-01-28 22:05:00,Success,1342393,12.54
R0149,P001,2025-03-16,2025-03-16 02:55:00,2025-03-16 05:16:00,Delayed,8038343,19.38
R0150,P010,2025-03-04,2025-03-04 18:29:00,2025-03-04 19:28:00,Success,5153465,18.53
R0151,P010,2025-02-22,2025-02-22 06:01:00,2025-02-22 06:16:00,Success,7669421,3.74
R0152,P008,2025-01-18,2025-01-18 15:09:00,2025-01-18 15:29:00,Success,8119085,6.67
R0153,P004,2025-04-10,2025-04-10 20:09:00,2025-04-10 21:19:00,Success,2035338,9.81
R0154,P009,2025-03-24,2025-03-24 00:29:00,2025-03-24 01:25:00,Running,9285732,9.08
R0155,P010,2025-03-15,2025-03-15 03:22:00,2025-03-15 04:09:00,Success,4426761,22.61
R0156,P002,2025-02-27,2025-02-27 05:18:00,2025-02-27 06:21:00,Running,5050708,3.23
R0157,P008,2025-04-12,2025-04-12 00:29:00,2025-04-12 01:25:00,Success,425443,6.55
R0158,P010,2025-03-10,2025-03-10 05:43:00,2025-03-10 07:20:00,Delayed,7161964,47.97
R0159,P008,2025-03-30,2025-03-30 12:07:00,2025-03-30 13:20:00,Success,5718605,24.52
R0160,P003,2025-04-08,2025-04-08 14:31:00,2025-04-08 15:51:00,Success,4118585,10.08
R0161,P001,2025-03-19,2025-03-19 07:52:00,2025-03-19 08:02:00,Success,6533989,0.81
R0162,P009,2025-02-13,2025-02-13 09:00:00,2025-02-13 09:43:00,Success,2264536,5.55
R0163,P004,2025-01-14,2025-01-14 19:46:00,2025-01-14 21:14:00,Success,7478587,11.62
R0164,P007,2025-04-03,2025-04-03 03:03:00,2025-04-03 04:12:00,Success,7064467,19.63
R0165,P007,2025-02-18,2025-02-18 19:36:00,2025-02-18 19:51:00,Success,2640339,5.45
R0166,P006,2025-02-18,2025-02-18 06:03:00,2025-02-18 06:24:00,Success,7988800,2.77
R0167,P002,2025-02-26,2025-02-26 21:32:00,2025-02-26 23:00:00,Success,9682267,20.91
R0168,P001,2025-04-05,2025-04-05 10:59:00,2025-04-05 11:39:00,Success,3292918,6.48
R0169,P010,2025-02-23,2025-02-23 11:40:00,2025-02-23 14:02:00,Delayed,7434020,60.02
R0170,P005,2025-03-07,2025-03-07 18:48:00,2025-03-07 20:05:00,Success,9410005,4.77
R0171,P006,2025-04-20,2025-04-20 19:32:00,2025-04-20 20:38:00,Success,8484417,19.19
R0172,P004,2025-03-19,2025-03-19 20:02:00,2025-03-19 20:20:00,Success,6161980,4.83
R0173,P001,2025-03-31,2025-03-31 07:35:00,2025-03-31 08:35:00,Success,203432,19.94
R0174,P003,2025-03-21,2025-03-21 14:26:00,2025-03-21 15:43:00,Success,5317313,8.8
R0175,P005,2025-01-19,2025-01-19 07:53:00,2025-01-19 08:20:00,Success,8230760,1.39
R0176,P005,2025-01-22,2025-01-22 23:20:00,2025-01-23 00:04:00,Success,3115500,2.38
R0177,P010,2025-02-12,2025-02-12 00:58:00,2025-02-12 01:13:00,Success,1795289,4.22
R0178,P005,2025-04-01,2025-04-01 00:59:00,2025-04-01 02:13:00,Running,1094808,21.03
R0179,P005,2025-03-14,2025-03-14 05:41:00,2025-03-14 06:49:00,Success,2346892,7.05
R0180,P005,2025-02-01,2025-02-01 17:15:00,2025-02-01 17:23:00,Failed,0,3.9
R0181,P005,2025-03-11,2025-03-11 10:05:00,2025-03-11 11:11:00,Success,2900790,27.89
R0182,P009,2025-01-13,2025-01-13 23:29:00,2025-01-14 00:50:00,Success,2213041,40.13
R0183,P006,2025-01-27,2025-01-27 07:27:00,2025-01-27 07:55:00,Success,7462496,3.96
R0184,P008,2025-01-05,2025-01-05 23:39:00,2025-01-06 00:33:00,Running,7547413,9.85
R0185,P002,2025-04-20,2025-04-20 11:02:00,2025-04-20 12:19:00,Success,2449233,5.2
R0186,P007,2025-04-19,2025-04-19 07:54:00,2025-04-19 10:23:00,Delayed,2610890,68.94
R0187,P007,2025-03-19,2025-03-19 04:05:00,2025-03-19 05:24:00,Success,3711295,13.82
R0188,P008,2025-02-24,2025-02-24 10:45:00,2025-02-24 13:43:00,Delayed,7097372,41.42
R0189,P004,2025-04-08,2025-04-08 09:05:00,2025-04-08 09:50:00,Success,7509928,15.03
R0190,P004,2025-04-27,2025-04-27 08:10:00,2025-04-27 08:33:00,Success,8875548,7.98
R0191,P001,2025-03-19,2025-03-19 01:01:00,2025-03-19 01:26:00,Success,4942395,10.66
R0192,P005,2025-02-26,2025-02-26 11:33:00,2025-02-26 11:45:00,Success,1269807,3.93
R0193,P002,2025-03-29,2025-03-29 21:48:00,2025-03-29 22:28:00,Success,5673513,10.68
R0194,P003,2025-04-25,2025-04-25 06:52:00,2025-04-25 08:04:00,Success,1912457,19.77
R0195,P002,2025-02-03,2025-02-03 09:11:00,2025-02-03 09:56:00,Success,3629553,17.82
R0196,P009,2025-01-27,2025-01-27 05:50:00,2025-01-27 06:00:00,Success,8831586,3.53
R0197,P001,2025-01-22,2025-01-22 06:11:00,2025-01-22 06:49:00,Success,2264601,13.19
R0198,P002,2025-03-23,2025-03-23 02:42:00,2025-03-23 03:46:00,Success,9218053,6.02
R0199,P007,2025-01-22,2025-01-22 22:10:00,2025-01-22 22:39:00,Failed,0,4.82
R0200,P001,2025-01-08,2025-01-08 21:58:00,2025-01-08 22:47:00,Running,2056392,14.94
R0201,P004,2025-03-08,2025-03-08 22:08:00,2025-03-08 22:44:00,Success,9952457,11.98
R0202,P009,2025-04-02,2025-04-02 06:31:00,2025-04-02 07:38:00,Running,7455399,13.99
R0203,P002,2025-04-10,2025-04-10 01:58:00,2025-04-10 02:16:00,Success,6798673,1.26
R0204,P001,2025-01-09,2025-01-09 19:22:00,2025-01-09 20:43:00,Success,3846058,16.19
R0205,P006,2025-01-30,2025-01-30 17:04:00,2025-01-30 18:26:00,Success,3388392,17.13
R0206,P003,2025-03-09,2025-03-09 16:59:00,2025-03-09 18:26:00,Success,9550487,34.66
R0207,P002,2025-02-17,2025-02-17 22:00:00,2025-02-17 23:27:00,Delayed,4623198,4.68
R0208,P004,2025-01-04,2025-01-04 11:04:00,2025-01-04 12:27:00,Success,4117654,4.4
R0209,P009,2025-03-03,2025-03-03 20:56:00,2025-03-03 23:16:00,Delayed,5028977,36.9
R0210,P001,2025-01-07,2025-01-07 19:34:00,2025-01-07 21:02:00,Success,8630183,37.69
R0211,P010,2025-01-20,2025-01-20 23:00:00,2025-01-20 23:27:00,Success,7259996,10.31
R0212,P003,2025-01-28,2025-01-28 10:05:00,2025-01-28 10:41:00,Success,2700355,10.67
R0213,P003,2025-03-22,2025-03-22 18:53:00,2025-03-22 19:16:00,Success,3792938,1.9
R0214,P001,2025-02-12,2025-02-12 02:44:00,2025-02-12 03:30:00,Success,9605002,3.95
R0215,P006,2025-04-05,2025-04-05 02:15:00,2025-04-05 02:35:00,Success,4408032,7.76
R0216,P007,2025-01-25,2025-01-25 15:07:00,2025-01-25 15:48:00,Success,7112715,8.66
R0217,P009,2025-02-01,2025-02-01 05:56:00,2025-02-01 06:14:00,Success,3680966,4.08
R0218,P008,2025-01-22,2025-01-22 08:04:00,2025-01-22 08:16:00,Failed,0,3.38
R0219,P003,2025-03-30,2025-03-30 19:50:00,2025-03-30 20:57:00,Success,555165,21.62
R0220,P009,2025-02-08,2025-02-08 05:12:00,2025-02-08 06:15:00,Running,6048282,13.97
R0221,P003,2025-01-09,2025-01-09 15:06:00,2025-01-09 17:04:00,Delayed,4469662,25.97
R0222,P009,2025-03-06,2025-03-06 16:43:00,2025-03-06 17:55:00,Success,5986184,18.3
R0223,P007,2025-01-19,2025-01-19 06:04:00,2025-01-19 06:31:00,Failed,0,13.48
R0224,P005,2025-03-10,2025-03-10 09:28:00,2025-03-10 10:54:00,Success,2176567,42.65
R0225,P010,2025-03-28,2025-03-28 03:46:00,2025-03-28 06:24:00,Delayed,420953,18.97
R0226,P003,2025-04-15,2025-04-15 21:13:00,2025-04-15 22:43:00,Success,7821897,6.78
R0227,P009,2025-02-05,2025-02-05 08:43:00,2025-02-05 09:40:00,Success,234583,21.77
R0228,P006,2025-02-24,2025-02-24 02:23:00,2025-02-24 02:59:00,Running,5295423,16.09
R0229,P009,2025-03-13,2025-03-13 22:01:00,2025-03-13 23:26:00,Running,8772937,11.46
R0230,P006,2025-02-23,2025-02-23 17:59:00,2025-02-23 18:22:00,Failed,0,8.22
R0231,P001,2025-03-15,2025-03-15 20:20:00,2025-03-15 20:39:00,Failed,0,7.77
R0232,P004,2025-04-06,2025-04-06 11:34:00,2025-04-06 12:23:00,Success,7752225,23.73
R0233,P008,2025-01-21,2025-01-21 20:21:00,2025-01-21 20:42:00,Success,1680831,2.67
R0234,P005,2025-04-28,2025-04-28 16:25:00,2025-04-28 17:21:00,Success,2542792,23.33
R0235,P007,2025-02-17,2025-02-17 15:06:00,2025-02-17 15:23:00,Success,9269955,5.78
R0236,P008,2025-02-06,2025-02-06 05:59:00,2025-02-06 07:50:00,Delayed,7284814,18.61
R0237,P001,2025-01-01,2025-01-01 12:52:00,2025-01-01 14:00:00,Success,7248753,17.96
R0238,P003,2025-02-01,2025-02-01 08:23:00,2025-02-01 11:13:00,Delayed,9429500,45.5
R0239,P006,2025-02-25,2025-02-25 02:36:00,2025-02-25 03:57:00,Success,9875531,12.03
R0240,P005,2025-04-18,2025-04-18 11:25:00,2025-04-18 12:54:00,Success,7401440,24.16
R0241,P005,2025-03-05,2025-03-05 18:50:00,2025-03-05 19:49:00,Success,4056412,4.64
R0242,P001,2025-02-16,2025-02-16 02:27:00,2025-02-16 02:34:00,Failed,0,2.15
R0243,P004,2025-01-21,2025-01-21 02:09:00,2025-01-21 03:37:00,Success,7905608,13.48
R0244,P004,2025-03-24,2025-03-24 22:01:00,2025-03-24 22:51:00,Success,6930728,5.08
R0245,P005,2025-01-04,2025-01-04 12:49:00,2025-01-04 13:39:00,Success,8536279,16.78
R0246,P008,2025-03-04,2025-03-04 00:40:00,2025-03-04 03:02:00,Delayed,5739907,59.47
R0247,P009,2025-02-03,2025-02-03 20:13:00,2025-02-03 21:22:00,Running,3959909,18.79
R0248,P010,2025-02-11,2025-02-11 11:29:00,2025-02-11 12:48:00,Success,7327375,6.89
R0249,P005,2025-01-30,2025-01-30 13:08:00,2025-01-30 13:38:00,Success,7859391,13.69
R0250,P002,2025-02-12,2025-02-12 00:37:00,2025-02-12 01:52:00,Success,6341604,7.95
R0251,P001,2025-01-09,2025-01-09 07:07:00,2025-01-09 08:16:00,Success,2470346,26.92
R0252,P004,2025-01-24,2025-01-24 12:28:00,2025-01-24 12:44:00,Failed,0,6.64
R0253,P004,2025-04-06,2025-04-06 16:34:00,2025-04-06 17:38:00,Success,3025097,28.45
R0254,P007,2025-03-04,2025-03-04 02:52:00,2025-03-04 03:12:00,Success,367115,3.22
R0255,P010,2025-03-20,2025-03-20 06:28:00,2025-03-20 07:41:00,Delayed,454108,26.04
R0256,P008,2025-03-20,2025-03-20 08:08:00,2025-03-20 09:34:00,Delayed,5768992,23.27
R0257,P008,2025-03-07,2025-03-07 22:16:00,2025-03-07 22:28:00,Failed,0,1.6
R0258,P004,2025-01-20,2025-01-20 06:32:00,2025-01-20 06:44:00,Failed,0,2.32
R0259,P002,2025-03-11,2025-03-11 23:57:00,2025-03-12 00:30:00,Success,4592906,3.67
R0260,P007,2025-04-22,2025-04-22 15:42:00,2025-04-22 16:32:00,Success,3045964,20.86
R0261,P009,2025-03-25,2025-03-25 15:38:00,2025-03-25 16:08:00,Failed,0,8.64
R0262,P003,2025-02-03,2025-02-03 12:14:00,2025-02-03 13:12:00,Success,9026167,17.13
R0263,P009,2025-03-06,2025-03-06 04:37:00,2025-03-06 04:48:00,Success,7612821,2.81
R0264,P007,2025-03-28,2025-03-28 23:55:00,2025-03-29 00:44:00,Success,1403719,7.06
R0265,P007,2025-03-17,2025-03-17 00:08:00,2025-03-17 00:35:00,Success,2287597,3.81
R0266,P006,2025-01-28,2025-01-28 13:22:00,2025-01-28 14:10:00,Running,1145406,8.57
R0267,P007,2025-01-16,2025-01-16 03:20:00,2025-01-16 03:42:00,Success,664994,5.41
R0268,P002,2025-01-07,2025-01-07 02:51:00,2025-01-07 03:35:00,Success,4593682,4.96
R0269,P007,2025-01-04,2025-01-04 23:51:00,2025-01-05 01:00:00,Delayed,8753018,26.29
R0270,P004,2025-03-25,2025-03-25 02:35:00,2025-03-25 03:49:00,Running,6238514,15.54
R0271,P007,2025-04-14,2025-04-14 08:37:00,2025-04-14 09:32:00,Success,4038900,19.01
R0272,P003,2025-02-07,2025-02-07 10:46:00,2025-02-07 11:54:00,Success,1869034,18.71
R0273,P005,2025-02-23,2025-02-23 02:58:00,2025-02-23 03:20:00,Failed,0,7.9
R0274,P007,2025-03-02,2025-03-02 05:48:00,2025-03-02 06:37:00,Success,7307982,7.85
R0275,P007,2025-03-21,2025-03-21 18:03:00,2025-03-21 19:18:00,Success,4174478,17.84
R0276,P005,2025-01-30,2025-01-30 01:59:00,2025-01-30 03:22:00,Success,8397641,24.38
R0277,P006,2025-04-19,2025-04-19 06:53:00,2025-04-19 08:12:00,Success,9630496,17.21
R0278,P004,2025-03-19,2025-03-19 06:12:00,2025-03-19 07:28:00,Success,6285315,23.01
R0279,P003,2025-04-28,2025-04-28 06:28:00,2025-04-28 07:32:00,Success,6249574,7.91
R0280,P005,2025-04-30,2025-04-30 00:32:00,2025-04-30 01:18:00,Success,8123155,22.94
R0281,P005,2025-01-05,2025-01-05 04:57:00,2025-01-05 07:32:00,Delayed,6199313,19.54
R0282,P004,2025-02-09,2025-02-09 12:50:00,2025-02-09 13:33:00,Success,5579282,11.62
R0283,P009,2025-01-31,2025-01-31 09:43:00,2025-01-31 10:00:00,Success,1283042,3.34
R0284,P004,2025-02-22,2025-02-22 10:35:00,2025-02-22 11:55:00,Success,9548190,28.19
R0285,P005,2025-02-15,2025-02-15 01:25:00,2025-02-15 02:32:00,Delayed,6210369,10.63
R0286,P001,2025-03-04,2025-03-04 05:28:00,2025-03-04 06:42:00,Success,5469692,6.98
R0287,P005,2025-04-15,2025-04-15 05:44:00,2025-04-15 07:14:00,Success,7386796,28.79
R0288,P002,2025-01-14,2025-01-14 08:34:00,2025-01-14 10:03:00,Success,667380,13.92
R0289,P003,2025-02-09,2025-02-09 03:37:00,2025-02-09 04:17:00,Success,825968,2.54
R0290,P001,2025-02-20,2025-02-20 17:06:00,2025-02-20 18:41:00,Delayed,2890038,28.53
R0291,P001,2025-03-25,2025-03-25 17:50:00,2025-03-25 18:59:00,Success,6976805,12.31
R0292,P008,2025-03-18,2025-03-18 10:36:00,2025-03-18 11:55:00,Delayed,3068693,32.33
R0293,P004,2025-02-04,2025-02-04 20:59:00,2025-02-04 21:32:00,Success,8439819,4.91
R0294,P002,2025-01-10,2025-01-10 11:44:00,2025-01-10 12:32:00,Success,774285,4.69
R0295,P001,2025-01-21,2025-01-21 07:40:00,2025-01-21 08:47:00,Success,6632159,32.17
R0296,P001,2025-02-02,2025-02-02 04:20:00,2025-02-02 05:41:00,Success,6508592,22.92
R0297,P007,2025-03-27,2025-03-27 19:17:00,2025-03-27 20:31:00,Success,1832039,20.38
R0298,P002,2025-04-20,2025-04-20 08:21:00,2025-04-20 09:52:00,Delayed,9715240,24.9
R0299,P006,2025-03-16,2025-03-16 02:01:00,2025-03-16 02:36:00,Success,3980804,7.71
R0300,P002,2025-03-20,2025-03-20 11:42:00,2025-03-20 12:50:00,Success,3764330,10.4
R0301,P007,2025-02-08,2025-02-08 06:12:00,2025-02-08 06:42:00,Success,5267581,4.66
R0302,P009,2025-04-18,2025-04-18 22:20:00,2025-04-18 23:26:00,Success,3158837,24.36
R0303,P002,2025-04-21,2025-04-21 15:45:00,2025-04-21 15:50:00,Failed,0,0.5
R0304,P004,2025-04-20,2025-04-20 01:26:00,2025-04-20 02:17:00,Success,6999436,24.57
R0305,P009,2025-01-11,2025-01-11 12:44:00,2025-01-11 13:11:00,Success,5017057,2.86
R0306,P006,2025-01-19,2025-01-19 10:30:00,2025-01-19 10:50:00,Success,4798575,7.85
R0307,P001,2025-01-29,2025-01-29 10:14:00,2025-01-29 11:47:00,Delayed,4166922,18.61
R0308,P003,2025-02-15,2025-02-15 05:42:00,2025-02-15 06:36:00,Running,792655,23.82
R0309,P008,2025-02-19,2025-02-19 10:06:00,2025-02-19 10:54:00,Running,4915676,13.11
R0310,P008,2025-03-14,2025-03-14 23:56:00,2025-03-15 00:35:00,Success,7092232,6.2
R0311,P009,2025-04-30,2025-04-30 10:30:00,2025-04-30 11:31:00,Success,2555847,12.58
R0312,P004,2025-04-02,2025-04-02 09:36:00,2025-04-02 10:03:00,Failed,0,7.2
R0313,P005,2025-01-27,2025-01-27 14:50:00,2025-01-27 15:52:00,Success,3145138,9.67
R0314,P009,2025-02-02,2025-02-02 04:20:00,2025-02-02 04:47:00,Failed,0,13.14
R0315,P002,2025-02-19,2025-02-19 04:27:00,2025-02-19 05:10:00,Success,5874987,19.71
R0316,P010,2025-04-01,2025-04-01 17:32:00,2025-04-01 18:56:00,Success,3366025,28.63
R0317,P006,2025-01-04,2025-01-04 21:24:00,2025-01-04 22:07:00,Success,9309280,9.58
R0318,P004,2025-01-13,2025-01-13 20:51:00,2025-01-13 22:16:00,Success,1967118,23.95
R0319,P005,2025-04-29,2025-04-29 03:52:00,2025-04-29 04:04:00,Success,6413612,2.52
R0320,P004,2025-01-05,2025-01-05 04:52:00,2025-01-05 05:13:00,Success,2779499,7.02
R0321,P006,2025-03-26,2025-03-26 11:52:00,2025-03-26 14:41:00,Delayed,4933346,44.17
R0322,P002,2025-04-24,2025-04-24 18:54:00,2025-04-24 20:15:00,Success,1186532,37.01
R0323,P010,2025-04-30,2025-04-30 06:19:00,2025-04-30 09:10:00,Delayed,4026275,35.79
R0324,P010,2025-01-10,2025-01-10 21:43:00,2025-01-10 23:29:00,Delayed,1185078,25.51
R0325,P010,2025-04-28,2025-04-28 02:31:00,2025-04-28 04:01:00,Success,2964092,39.57
R0326,P007,2025-02-02,2025-02-02 12:54:00,2025-02-02 13:35:00,Success,3518076,4.19
R0327,P001,2025-04-27,2025-04-27 06:32:00,2025-04-27 07:52:00,Success,8950710,22.77
R0328,P005,2025-04-15,2025-04-15 11:16:00,2025-04-15 11:37:00,Success,6062779,3.42
R0329,P006,2025-04-07,2025-04-07 20:28:00,2025-04-07 20:38:00,Success,739189,4.23
R0330,P002,2025-03-10,2025-03-10 08:51:00,2025-03-10 09:48:00,Success,3842893,27.13
R0331,P002,2025-02-18,2025-02-18 21:00:00,2025-02-18 21:25:00,Success,4872200,10.91
R0332,P001,2025-04-27,2025-04-27 08:24:00,2025-04-27 10:53:00,Delayed,7933148,41.88
R0333,P004,2025-04-01,2025-04-01 20:18:00,2025-04-01 21:36:00,Success,934467,17.08
R0334,P007,2025-02-06,2025-02-06 03:37:00,2025-02-06 04:50:00,Success,2516558,24.49
R0335,P005,2025-03-27,2025-03-27 06:55:00,2025-03-27 07:27:00,Success,6774245,14.85
R0336,P003,2025-01-21,2025-01-21 20:21:00,2025-01-21 20:48:00,Success,9885130,8.32
R0337,P005,2025-01-22,2025-01-22 12:59:00,2025-01-22 13:56:00,Success,5705745,13.44
R0338,P010,2025-02-19,2025-02-19 22:21:00,2025-02-19 23:02:00,Success,2993649,9.44
R0339,P009,2025-02-23,2025-02-23 09:01:00,2025-02-23 09:56:00,Success,3778532,6.85
R0340,P001,2025-02-08,2025-02-08 15:12:00,2025-02-08 15:30:00,Success,7325020,3.24
R0341,P003,2025-04-14,2025-04-14 10:49:00,2025-04-14 12:14:00,Success,9773016,35.32
R0342,P005,2025-02-21,2025-02-21 02:08:00,2025-02-21 02:18:00,Success,7048468,2.72
R0343,P002,2025-03-29,2025-03-29 16:15:00,2025-03-29 17:42:00,Success,88995,25.3
R0344,P004,2025-04-25,2025-04-25 12:32:00,2025-04-25 13:03:00,Success,7293951,2.4
R0345,P009,2025-02-11,2025-02-11 14:32:00,2025-02-11 14:48:00,Failed,0,6.57
R0346,P002,2025-04-27,2025-04-27 01:28:00,2025-04-27 01:35:00,Failed,0,3.39
R0347,P009,2025-02-07,2025-02-07 05:07:00,2025-02-07 06:28:00,Success,8692668,23.87
R0348,P006,2025-04-19,2025-04-19 04:45:00,2025-04-19 05:14:00,Success,1872977,8.28
R0349,P001,2025-02-19,2025-02-19 17:12:00,2025-02-19 18:56:00,Delayed,4243524,29.93
R0350,P003,2025-03-14,2025-03-14 16:40:00,2025-03-14 17:55:00,Delayed,3594677,17.66
R0351,P009,2025-04-05,2025-04-05 19:22:00,2025-04-05 19:47:00,Failed,0,6.36
R0352,P005,2025-04-19,2025-04-19 13:48:00,2025-04-19 14:08:00,Success,3916124,8.87
R0353,P004,2025-01-05,2025-01-05 03:29:00,2025-01-05 04:59:00,Running,2305206,31.53
R0354,P004,2025-01-30,2025-01-30 01:52:00,2025-01-30 03:22:00,Success,7544298,17.78
R0355,P001,2025-04-26,2025-04-26 13:18:00,2025-04-26 15:48:00,Delayed,9367691,14.66
R0356,P002,2025-04-15,2025-04-15 04:36:00,2025-04-15 05:00:00,Success,9391947,6.7
R0357,P003,2025-01-11,2025-01-11 22:55:00,2025-01-11 23:41:00,Success,303871,14.55
R0358,P010,2025-04-28,2025-04-28 04:08:00,2025-04-28 05:14:00,Success,9783441,19.33
R0359,P002,2025-04-09,2025-04-09 14:27:00,2025-04-09 15:11:00,Success,217821,16.4
R0360,P002,2025-03-15,2025-03-15 21:46:00,2025-03-15 22:08:00,Success,6656393,1.56
R0361,P004,2025-02-04,2025-02-04 21:42:00,2025-02-04 22:45:00,Success,4708542,28.24
R0362,P004,2025-04-03,2025-04-03 12:16:00,2025-04-03 12:26:00,Success,9310495,4.69
R0363,P003,2025-01-16,2025-01-16 03:40:00,2025-01-16 04:09:00,Success,5782974,1.87
R0364,P009,2025-04-17,2025-04-17 00:11:00,2025-04-17 01:31:00,Success,4502919,18.47
R0365,P005,2025-04-07,2025-04-07 22:25:00,2025-04-07 22:47:00,Success,6022866,6.27
R0366,P001,2025-03-23,2025-03-23 01:00:00,2025-03-23 01:52:00,Success,9149876,22.79
R0367,P009,2025-01-15,2025-01-15 08:02:00,2025-01-15 09:21:00,Success,8800356,36.74
R0368,P009,2025-01-18,2025-01-18 14:18:00,2025-01-18 17:05:00,Delayed,3542043,62.29
R0369,P005,2025-04-26,2025-04-26 07:49:00,2025-04-26 08:21:00,Success,8840808,5.32
R0370,P001,2025-04-16,2025-04-16 00:16:00,2025-04-16 01:19:00,Running,403489,18.37
R0371,P001,2025-01-31,2025-01-31 19:44:00,2025-01-31 20:39:00,Success,4434733,17.05
R0372,P009,2025-03-01,2025-03-01 10:24:00,2025-03-01 11:26:00,Success,7037645,24.88
R0373,P005,2025-03-29,2025-03-29 13:39:00,2025-03-29 14:58:00,Success,5891082,6.57
R0374,P005,2025-01-31,2025-01-31 00:28:00,2025-01-31 02:09:00,Delayed,7050016,14.38
R0375,P008,2025-04-21,2025-04-21 05:00:00,2025-04-21 05:49:00,Success,3593466,23.58
R0376,P010,2025-01-28,2025-01-28 13:13:00,2025-01-28 16:02:00,Delayed,7149371,51.09
R0377,P010,2025-03-05,2025-03-05 22:43:00,2025-03-05 23:38:00,Success,1186514,11.91
R0378,P002,2025-04-09,2025-04-09 10:14:00,2025-04-09 10:41:00,Success,3721135,12.46
R0379,P010,2025-03-30,2025-03-30 07:28:00,2025-03-30 08:47:00,Success,9820027,9.07
R0380,P002,2025-01-30,2025-01-30 15:34:00,2025-01-30 17:02:00,Success,5935156,43.86
R0381,P001,2025-04-28,2025-04-28 22:41:00,2025-04-28 23:02:00,Success,7088706,9.98
R0382,P002,2025-02-16,2025-02-16 12:25:00,2025-02-16 13:54:00,Success,7543099,21.74
R0383,P003,2025-04-16,2025-04-16 14:48:00,2025-04-16 16:06:00,Success,5000461,26.36
R0384,P007,2025-01-08,2025-01-08 06:21:00,2025-01-08 07:51:00,Success,5071727,26.08
R0385,P009,2025-04-14,2025-04-14 14:21:00,2025-04-14 14:45:00,Success,3163195,2.21
R0386,P008,2025-02-11,2025-02-11 19:58:00,2025-02-11 20:19:00,Failed,0,10.32
R0387,P009,2025-01-07,2025-01-07 05:51:00,2025-01-07 06:34:00,Success,6634729,5.49
R0388,P002,2025-03-01,2025-03-01 10:35:00,2025-03-01 11:10:00,Success,9490718,4.29
R0389,P009,2025-04-27,2025-04-27 05:24:00,2025-04-27 05:59:00,Success,1647151,6.58
R0390,P007,2025-02-11,2025-02-11 11:30:00,2025-02-11 12:38:00,Success,6998928,33.86
R0391,P005,2025-03-25,2025-03-25 00:48:00,2025-03-25 01:11:00,Success,5280328,5.84
R0392,P003,2025-01-25,2025-01-25 15:48:00,2025-01-25 16:11:00,Success,7816589,1.27
R0393,P002,2025-03-21,2025-03-21 15:54:00,2025-03-21 18:38:00,Delayed,1375244,51.57
R0394,P010,2025-01-29,2025-01-29 07:45:00,2025-01-29 09:11:00,Success,6164117,22.48
R0395,P002,2025-02-27,2025-02-27 17:00:00,2025-02-27 17:17:00,Success,3308646,5.38
R0396,P006,2025-04-15,2025-04-15 10:29:00,2025-04-15 11:39:00,Success,488604,10.01
R0397,P006,2025-01-13,2025-01-13 01:49:00,2025-01-13 02:08:00,Running,2168640,1.48
R0398,P010,2025-02-11,2025-02-11 01:02:00,2025-02-11 01:50:00,Running,9096482,8.05
R0399,P001,2025-01-28,2025-01-28 05:58:00,2025-01-28 07:17:00,Running,4744480,16.99
R0400,P004,2025-01-22,2025-01-22 20:11:00,2025-01-22 21:04:00,Success,1180151,21.84
R0401,P006,2025-04-08,2025-04-08 18:20:00,2025-04-08 18:38:00,Success,9183318,7.94
R0402,P005,2025-02-28,2025-02-28 06:07:00,2025-02-28 07:21:00,Delayed,1454659,9.22
R0403,P006,2025-02-18,2025-02-18 11:05:00,2025-02-18 12:05:00,Success,589101,9.83
R0404,P007,2025-03-23,2025-03-23 15:55:00,2025-03-23 16:15:00,Success,2671277,9.49
R0405,P009,2025-01-27,2025-01-27 16:20:00,2025-01-27 17:35:00,Success,6930627,7.46
R0406,P010,2025-03-14,2025-03-14 17:44:00,2025-03-14 18:25:00,Success,2690068,18.95
R0407,P006,2025-04-05,2025-04-05 15:24:00,2025-04-05 16:53:00,Success,6706723,25.05
R0408,P004,2025-01-07,2025-01-07 16:48:00,2025-01-07 19:28:00,Delayed,8557071,54.32
R0409,P008,2025-01-14,2025-01-14 13:51:00,2025-01-14 14:51:00,Success,6437847,15.07
R0410,P006,2025-01-20,2025-01-20 11:07:00,2025-01-20 13:13:00,Delayed,4445759,42.1
R0411,P001,2025-02-05,2025-02-05 22:47:00,2025-02-06 01:41:00,Delayed,8499541,75.63
R0412,P002,2025-04-05,2025-04-05 04:57:00,2025-04-05 06:27:00,Success,6042075,6.6
R0413,P003,2025-02-04,2025-02-04 12:28:00,2025-02-04 13:29:00,Success,1463611,11.77
R0414,P008,2025-03-15,2025-03-15 02:56:00,2025-03-15 03:20:00,Success,8338779,6.16
R0415,P010,2025-03-29,2025-03-29 12:49:00,2025-03-29 13:39:00,Success,1181580,20.58
R0416,P005,2025-03-28,2025-03-28 01:59:00,2025-03-28 03:19:00,Success,6104202,24.3
R0417,P005,2025-02-10,2025-02-10 22:26:00,2025-02-11 00:11:00,Delayed,9434521,7.95
R0418,P003,2025-04-21,2025-04-21 09:59:00,2025-04-21 10:36:00,Success,5013709,18.01
R0419,P002,2025-02-05,2025-02-05 05:50:00,2025-02-05 06:52:00,Running,9432261,17.29
R0420,P010,2025-01-27,2025-01-27 19:54:00,2025-01-27 20:32:00,Success,251872,18.38
R0421,P006,2025-03-04,2025-03-04 14:33:00,2025-03-04 16:01:00,Success,7787047,43.98
R0422,P006,2025-04-10,2025-04-10 10:39:00,2025-04-10 10:53:00,Success,7219921,1.49
R0423,P008,2025-01-17,2025-01-17 18:51:00,2025-01-17 19:56:00,Success,1199492,21.64
R0424,P008,2025-01-29,2025-01-29 12:27:00,2025-01-29 13:40:00,Success,3180679,32.36
R0425,P008,2025-01-31,2025-01-31 03:06:00,2025-01-31 03:21:00,Success,3882150,4.86
R0426,P006,2025-02-27,2025-02-27 08:34:00,2025-02-27 09:26:00,Running,5439733,22.99
R0427,P008,2025-02-07,2025-02-07 01:27:00,2025-02-07 02:56:00,Delayed,779033,38.06
R0428,P004,2025-02-12,2025-02-12 13:39:00,2025-02-12 14:24:00,Success,2710817,6.45
R0429,P002,2025-01-17,2025-01-17 02:38:00,2025-01-17 03:50:00,Delayed,7677349,12.95
R0430,P002,2025-01-31,2025-01-31 08:14:00,2025-01-31 08:28:00,Failed,0,2.4
R0431,P010,2025-02-28,2025-02-28 16:24:00,2025-02-28 17:14:00,Success,2444693,9.65
R0432,P007,2025-04-19,2025-04-19 04:52:00,2025-04-19 07:52:00,Delayed,4246163,67.12
R0433,P007,2025-03-19,2025-03-19 06:35:00,2025-03-19 07:33:00,Success,5897553,9.87
R0434,P004,2025-04-05,2025-04-05 18:16:00,2025-04-05 21:04:00,Delayed,5476873,34.06
R0435,P003,2025-03-03,2025-03-03 16:20:00,2025-03-03 17:38:00,Success,5853539,36.03
R0436,P010,2025-02-27,2025-02-27 20:42:00,2025-02-27 21:20:00,Success,9308274,9.22
R0437,P009,2025-02-18,2025-02-18 10:51:00,2025-02-18 11:07:00,Running,2037214,1.08
R0438,P001,2025-01-22,2025-01-22 08:56:00,2025-01-22 09:44:00,Success,3647768,12.7
R0439,P003,2025-04-27,2025-04-27 04:52:00,2025-04-27 05:08:00,Success,6358873,7.22
R0440,P007,2025-04-27,2025-04-27 04:01:00,2025-04-27 05:00:00,Success,5126619,19.24
R0441,P001,2025-01-15,2025-01-15 23:32:00,2025-01-16 00:54:00,Success,5827164,20.51
R0442,P009,2025-01-20,2025-01-20 01:25:00,2025-01-20 02:10:00,Success,8969035,22.48
R0443,P010,2025-01-23,2025-01-23 19:44:00,2025-01-23 20:52:00,Running,8792663,28.81
R0444,P010,2025-03-13,2025-03-13 00:03:00,2025-03-13 01:28:00,Success,1731724,12.07
R0445,P001,2025-04-29,2025-04-29 06:32:00,2025-04-29 09:07:00,Delayed,8416431,7.92
R0446,P006,2025-01-24,2025-01-24 09:58:00,2025-01-24 10:54:00,Success,1238319,10.22
R0447,P009,2025-01-01,2025-01-01 09:05:00,2025-01-01 10:22:00,Success,163945,14.57
R0448,P005,2025-03-20,2025-03-20 08:58:00,2025-03-20 09:30:00,Running,4356612,10.73
R0449,P001,2025-01-10,2025-01-10 14:17:00,2025-01-10 16:51:00,Delayed,8347432,38.25
R0450,P008,2025-02-14,2025-02-14 02:47:00,2025-02-14 03:53:00,Success,3040298,31.23
R0451,P007,2025-02-23,2025-02-23 11:32:00,2025-02-23 13:01:00,Success,7529274,13.74
R0452,P005,2025-01-25,2025-01-25 22:35:00,2025-01-25 23:44:00,Success,7934717,19.78
R0453,P008,2025-02-01,2025-02-01 08:47:00,2025-02-01 09:13:00,Success,3532836,3.32
R0454,P004,2025-01-05,2025-01-05 09:51:00,2025-01-05 10:27:00,Success,8414174,16.57
R0455,P009,2025-04-25,2025-04-25 05:58:00,2025-04-25 07:07:00,Success,8360443,13.82
R0456,P009,2025-03-30,2025-03-30 21:40:00,2025-03-31 00:01:00,Delayed,6735446,66.81
R0457,P004,2025-01-16,2025-01-16 15:47:00,2025-01-16 16:28:00,Success,5792604,14.43
R0458,P010,2025-01-01,2025-01-01 16:36:00,2025-01-01 16:51:00,Success,7440295,1.07
R0459,P004,2025-04-28,2025-04-28 13:44:00,2025-04-28 14:03:00,Success,4468699,4.26
R0460,P010,2025-01-31,2025-01-31 05:37:00,2025-01-31 06:06:00,Running,7803444,2.58
R0461,P001,2025-04-19,2025-04-19 02:12:00,2025-04-19 02:18:00,Failed,0,2.74
R0462,P006,2025-03-13,2025-03-13 03:16:00,2025-03-13 03:44:00,Success,5386033,3.33
R0463,P001,2025-04-12,2025-04-12 07:19:00,2025-04-12 08:20:00,Delayed,5985211,11.65
R0464,P004,2025-03-18,2025-03-18 08:39:00,2025-03-18 09:28:00,Success,6797546,11.35
R0465,P001,2025-03-12,2025-03-12 14:14:00,2025-03-12 15:05:00,Success,8256284,21.76
R0466,P003,2025-03-22,2025-03-22 21:12:00,2025-03-22 21:41:00,Failed,0,8.82
R0467,P002,2025-02-19,2025-02-19 14:03:00,2025-02-19 15:03:00,Success,7199670,3.43
R0468,P008,2025-04-25,2025-04-25 20:49:00,2025-04-25 21:06:00,Success,5560441,2.97
R0469,P007,2025-03-11,2025-03-11 19:35:00,2025-03-11 20:02:00,Success,5806103,7.63
R0470,P004,2025-03-28,2025-03-28 05:58:00,2025-03-28 07:18:00,Success,8295865,10.93
R0471,P003,2025-01-29,2025-01-29 11:23:00,2025-01-29 12:15:00,Success,7001672,5.8
R0472,P009,2025-02-20,2025-02-20 03:13:00,2025-02-20 04:23:00,Success,7883912,26.15
R0473,P007,2025-04-13,2025-04-13 02:17:00,2025-04-13 03:41:00,Success,7215117,21.6
R0474,P006,2025-01-25,2025-01-25 23:42:00,2025-01-26 00:35:00,Success,8980369,11.47
R0475,P006,2025-02-16,2025-02-16 18:42:00,2025-02-16 19:30:00,Success,4700615,9.47
R0476,P003,2025-02-06,2025-02-06 01:07:00,2025-02-06 01:50:00,Success,9530590,18.31
R0477,P008,2025-03-03,2025-03-03 15:22:00,2025-03-03 16:45:00,Success,3998617,11.6
R0478,P008,2025-04-18,2025-04-18 16:35:00,2025-04-18 16:51:00,Success,9225639,3.42
R0479,P007,2025-04-24,2025-04-24 18:28:00,2025-04-24 19:31:00,Success,3065836,4.17
R0480,P004,2025-04-14,2025-04-14 22:51:00,2025-04-14 23:23:00,Success,4606339,15.26
R0481,P002,2025-01-24,2025-01-24 02:54:00,2025-01-24 04:16:00,Success,9184264,37.27
R0482,P002,2025-04-15,2025-04-15 18:59:00,2025-04-15 21:24:00,Delayed,7687374,42.03
R0483,P008,2025-02-18,2025-02-18 23:14:00,2025-02-19 00:43:00,Success,6273790,42.27
R0484,P009,2025-02-14,2025-02-14 08:53:00,2025-02-14 09:17:00,Success,590262,9.55
R0485,P003,2025-01-06,2025-01-06 23:55:00,2025-01-07 00:43:00,Success,5114560,6.2
R0486,P008,2025-02-05,2025-02-05 11:07:00,2025-02-05 11:30:00,Failed,0,11.33
R0487,P004,2025-04-30,2025-04-30 02:09:00,2025-04-30 03:03:00,Success,4903591,13.48
R0488,P002,2025-01-28,2025-01-28 22:11:00,2025-01-28 23:03:00,Success,7708503,13.95
R0489,P010,2025-03-27,2025-03-27 13:50:00,2025-03-27 14:58:00,Running,8752778,20.18
R0490,P001,2025-04-07,2025-04-07 17:13:00,2025-04-07 18:34:00,Success,6616126,24.71
R0491,P009,2025-04-03,2025-04-03 23:12:00,2025-04-04 00:17:00,Success,6802156,5.25
R0492,P008,2025-03-05,2025-03-05 18:04:00,2025-03-05 19:08:00,Success,9064941,13.35
R0493,P003,2025-02-21,2025-02-21 12:04:00,2025-02-21 13:11:00,Success,3172218,23.74
R0494,P003,2025-04-30,2025-04-30 12:09:00,2025-04-30 14:50:00,Delayed,9201951,66.9
R0495,P008,2025-02-25,2025-02-25 05:01:00,2025-02-25 06:16:00,Running,211621,28.95
R0496,P001,2025-02-19,2025-02-19 10:13:00,2025-02-19 11:02:00,Success,8088593,23.08
R0497,P010,2025-02-27,2025-02-27 22:26:00,2025-02-27 22:33:00,Failed,0,0.39
R0498,P004,2025-03-31,2025-03-31 06:25:00,2025-03-31 08:03:00,Delayed,1386974,12.25
R0499,P006,2025-01-29,2025-01-29 03:00:00,2025-01-29 03:08:00,Failed,0,2.25
R0500,P009,2025-04-08,2025-04-08 22:35:00,2025-04-08 22:58:00,Success,546753,10.52
R0501,P009,2025-01-18,2025-01-18 14:32:00,2025-01-18 14:44:00,Success,9252663,2.65
R0502,P005,2025-01-01,2025-01-01 05:32:00,2025-01-01 06:16:00,Success,1115417,6.39
R0503,P010,2025-03-29,2025-03-29 11:31:00,2025-03-29 11:57:00,Failed,0,8.53
R0504,P010,2025-04-06,2025-04-06 11:04:00,2025-04-06 12:12:00,Success,4881723,23.49
R0505,P003,2025-03-15,2025-03-15 18:31:00,2025-03-15 21:20:00,Delayed,4298797,30.54
R0506,P009,2025-04-30,2025-04-30 03:11:00,2025-04-30 03:23:00,Success,3387677,3.82
R0507,P006,2025-01-19,2025-01-19 02:03:00,2025-01-19 02:59:00,Success,5443223,6.17
R0508,P010,2025-03-24,2025-03-24 02:10:00,2025-03-24 02:53:00,Success,8649045,7.92
R0509,P004,2025-03-08,2025-03-08 05:39:00,2025-03-08 06:03:00,Failed,0,5.34
R0510,P004,2025-04-18,2025-04-18 04:40:00,2025-04-18 05:02:00,Failed,0,10.16
R0511,P003,2025-03-11,2025-03-11 03:38:00,2025-03-11 04:53:00,Success,9275964,32.48
R0512,P006,2025-04-21,2025-04-21 09:08:00,2025-04-21 09:19:00,Success,3926212,4.15
R0513,P006,2025-02-17,2025-02-17 23:52:00,2025-02-18 01:04:00,Success,7445185,16.33
R0514,P007,2025-01-08,2025-01-08 18:42:00,2025-01-08 19:55:00,Running,1802726,27.49
R0515,P010,2025-03-03,2025-03-03 05:51:00,2025-03-03 07:00:00,Success,8014192,18.34
R0516,P010,2025-03-29,2025-03-29 03:00:00,2025-03-29 05:21:00,Delayed,8337816,70.13
R0517,P009,2025-04-10,2025-04-10 11:41:00,2025-04-10 14:15:00,Delayed,1096573,29.94
R0518,P006,2025-02-24,2025-02-24 20:58:00,2025-02-24 23:44:00,Delayed,8674120,77.89
R0519,P001,2025-03-14,2025-03-14 22:52:00,2025-03-14 23:14:00,Failed,0,4.17
R0520,P007,2025-03-15,2025-03-15 18:18:00,2025-03-15 18:44:00,Success,3272666,11.73
R0521,P003,2025-03-26,2025-03-26 00:42:00,2025-03-26 01:14:00,Success,2702278,14.85
R0522,P010,2025-04-08,2025-04-08 15:19:00,2025-04-08 15:50:00,Success,1956945,2.77
R0523,P003,2025-03-03,2025-03-03 22:31:00,2025-03-03 23:09:00,Success,2375557,13.65
R0524,P009,2025-04-10,2025-04-10 09:43:00,2025-04-10 10:41:00,Success,1425677,19.26
R0525,P008,2025-03-04,2025-03-04 07:57:00,2025-03-04 08:50:00,Success,4658761,5.05
R0526,P003,2025-04-16,2025-04-16 12:55:00,2025-04-16 13:29:00,Success,6210335,15.2
R0527,P001,2025-03-17,2025-03-17 14:50:00,2025-03-17 17:46:00,Delayed,3600522,56.67
R0528,P004,2025-01-23,2025-01-23 09:16:00,2025-01-23 10:10:00,Success,1899184,19.47
R0529,P009,2025-02-27,2025-02-27 15:46:00,2025-02-27 16:09:00,Success,196966,10.89
R0530,P006,2025-04-23,2025-04-23 15:45:00,2025-04-23 17:11:00,Success,7443443,34.83
R0531,P001,2025-01-20,2025-01-20 00:32:00,2025-01-20 01:51:00,Success,1196724,8.25
R0532,P010,2025-03-20,2025-03-20 21:29:00,2025-03-20 22:29:00,Success,9864960,27.86
R0533,P010,2025-02-16,2025-02-16 19:53:00,2025-02-16 21:11:00,Success,1141131,22.02
R0534,P005,2025-03-26,2025-03-26 13:27:00,2025-03-26 14:45:00,Success,106345,21.74
R0535,P004,2025-04-23,2025-04-23 04:17:00,2025-04-23 05:04:00,Success,6748160,5.8
R0536,P003,2025-02-03,2025-02-03 05:02:00,2025-02-03 06:02:00,Success,5043014,25.37
R0537,P002,2025-03-02,2025-03-02 08:21:00,2025-03-02 09:28:00,Success,2640204,30.72
R0538,P005,2025-04-11,2025-04-11 11:13:00,2025-04-11 11:38:00,Failed,0,3.31
R0539,P001,2025-04-11,2025-04-11 02:28:00,2025-04-11 02:50:00,Success,3445804,10.73
R0540,P008,2025-04-13,2025-04-13 14:57:00,2025-04-13 16:00:00,Success,1535602,27.56
R0541,P001,2025-01-27,2025-01-27 00:28:00,2025-01-27 02:39:00,Delayed,4136236,7.06
R0542,P002,2025-03-06,2025-03-06 15:02:00,2025-03-06 16:15:00,Success,8500666,19.44
R0543,P001,2025-02-03,2025-02-03 18:07:00,2025-02-03 18:31:00,Success,2185667,9.73
R0544,P007,2025-01-31,2025-01-31 04:28:00,2025-01-31 05:42:00,Success,7336629,10.11
R0545,P005,2025-03-29,2025-03-29 04:40:00,2025-03-29 06:06:00,Success,3981307,14.73
R0546,P004,2025-04-15,2025-04-15 17:39:00,2025-04-15 18:33:00,Success,6547878,5.77
R0547,P007,2025-02-15,2025-02-15 22:08:00,2025-02-15 23:30:00,Delayed,185782,27.37
R0548,P008,2025-04-12,2025-04-12 21:25:00,2025-04-12 21:36:00,Failed,0,5.34
R0549,P006,2025-04-25,2025-04-25 19:13:00,2025-04-25 19:44:00,Running,9110300,15.47
R0550,P001,2025-04-23,2025-04-23 17:36:00,2025-04-23 18:15:00,Success,2642221,18.26
R0551,P008,2025-01-04,2025-01-04 15:10:00,2025-01-04 15:30:00,Success,1426428,3.29
R0552,P001,2025-04-24,2025-04-24 18:47:00,2025-04-24 19:19:00,Success,6330811,9.45
R0553,P007,2025-01-12,2025-01-12 04:04:00,2025-01-12 06:08:00,Delayed,8455440,9.32
R0554,P009,2025-02-04,2025-02-04 17:41:00,2025-02-04 18:21:00,Success,2664433,2.46
R0555,P004,2025-01-14,2025-01-14 09:17:00,2025-01-14 10:29:00,Success,7521500,32.6
R0556,P010,2025-01-31,2025-01-31 15:06:00,2025-01-31 15:27:00,Success,8101166,4.18
R0557,P003,2025-03-09,2025-03-09 01:12:00,2025-03-09 01:30:00,Success,279051,1.87
R0558,P008,2025-02-13,2025-02-13 09:59:00,2025-02-13 10:27:00,Success,6863068,8.77
R0559,P005,2025-03-07,2025-03-07 20:36:00,2025-03-07 21:45:00,Success,3170981,20.53
R0560,P010,2025-04-26,2025-04-26 14:47:00,2025-04-26 15:03:00,Success,650682,6.47
R0561,P010,2025-05-01,2025-05-01 01:47:00,2025-05-01 02:01:00,Success,1758985,1.22
R0562,P008,2025-03-07,2025-03-07 20:27:00,2025-03-07 21:15:00,Success,7813418,6.94
R0563,P006,2025-01-28,2025-01-28 19:53:00,2025-01-28 22:15:00,Delayed,8499367,30.26
R0564,P007,2025-04-04,2025-04-04 05:56:00,2025-04-04 06:33:00,Success,9024572,2.95
R0565,P010,2025-03-30,2025-03-30 10:59:00,2025-03-30 12:05:00,Running,8248874,5.55
R0566,P006,2025-01-22,2025-01-22 02:55:00,2025-01-22 03:56:00,Success,3573736,16.24
R0567,P002,2025-03-03,2025-03-03 23:20:00,2025-03-04 00:59:00,Delayed,9595691,39.44
R0568,P004,2025-03-18,2025-03-18 10:38:00,2025-03-18 10:49:00,Success,7459672,2.24
R0569,P001,2025-03-20,2025-03-20 20:09:00,2025-03-20 20:48:00,Success,2186768,19.16
R0570,P001,2025-01-30,2025-01-30 16:49:00,2025-01-30 17:00:00,Running,2483920,1.14
R0571,P004,2025-03-12,2025-03-12 19:40:00,2025-03-12 20:26:00,Success,1769483,9.06
R0572,P010,2025-01-29,2025-01-29 10:25:00,2025-01-29 11:45:00,Success,6665945,35.8
R0573,P003,2025-02-15,2025-02-15 14:38:00,2025-02-15 15:55:00,Success,5043953,31.78
R0574,P001,2025-01-10,2025-01-10 14:28:00,2025-01-10 15:26:00,Success,6027988,10.04
R0575,P006,2025-02-03,2025-02-03 05:00:00,2025-02-03 07:27:00,Delayed,9097800,11.0
R0576,P006,2025-03-15,2025-03-15 07:01:00,2025-03-15 07:55:00,Running,5666426,22.04
R0577,P009,2025-01-25,2025-01-25 07:03:00,2025-01-25 08:38:00,Delayed,1631406,16.89
R0578,P010,2025-04-10,2025-04-10 17:08:00,2025-04-10 17:35:00,Failed,0,3.23
R0579,P006,2025-03-31,2025-03-31 08:34:00,2025-03-31 09:47:00,Success,562329,36.49
R0580,P001,2025-01-23,2025-01-23 20:35:00,2025-01-23 21:50:00,Delayed,6567903,17.63
R0581,P010,2025-04-17,2025-04-17 10:34:00,2025-04-17 10:54:00,Success,1148146,5.48
R0582,P008,2025-02-07,2025-02-07 02:27:00,2025-02-07 02:38:00,Success,7150169,5.07
R0583,P010,2025-02-09,2025-02-09 21:02:00,2025-02-09 21:54:00,Success,7417996,6.59
R0584,P005,2025-01-15,2025-01-15 08:01:00,2025-01-15 09:11:00,Success,1462341,6.0
R0585,P001,2025-03-13,2025-03-13 11:50:00,2025-03-13 13:10:00,Running,5638322,27.61
R0586,P010,2025-01-28,2025-01-28 14:58:00,2025-01-28 16:10:00,Delayed,5164094,33.14
R0587,P004,2025-04-20,2025-04-20 23:26:00,2025-04-21 00:44:00,Success,8601588,10.66
R0588,P010,2025-03-12,2025-03-12 00:38:00,2025-03-12 01:40:00,Success,3266164,11.24
R0589,P003,2025-02-19,2025-02-19 23:41:00,2025-02-20 00:24:00,Success,8432893,6.98
R0590,P004,2025-03-22,2025-03-22 19:50:00,2025-03-22 20:32:00,Success,2817383,6.2
R0591,P002,2025-03-09,2025-03-09 22:27:00,2025-03-09 23:39:00,Success,2016953,7.76
R0592,P008,2025-04-06,2025-04-06 23:16:00,2025-04-06 23:56:00,Success,2326691,2.58
R0593,P004,2025-02-02,2025-02-02 21:57:00,2025-02-02 22:27:00,Success,4100903,8.07
R0594,P008,2025-03-21,2025-03-21 02:08:00,2025-03-21 04:37:00,Delayed,3897380,22.05
R0595,P001,2025-04-23,2025-04-23 18:48:00,2025-04-23 18:57:00,Failed,0,2.49
R0596,P010,2025-02-03,2025-02-03 14:18:00,2025-02-03 14:45:00,Failed,0,1.35
R0597,P003,2025-04-17,2025-04-17 06:25:00,2025-04-17 07:51:00,Success,7049075,40.15
R0598,P010,2025-04-21,2025-04-21 08:57:00,2025-04-21 09:26:00,Success,5823131,10.5
R0599,P006,2025-01-17,2025-01-17 16:52:00,2025-01-17 17:38:00,Success,680659,13.74
R0600,P008,2025-03-20,2025-03-20 17:39:00,2025-03-20 18:46:00,Running,8834423,6.78
R0601,P008,2025-01-15,2025-01-15 14:13:00,2025-01-15 14:25:00,Success,8238903,3.05
R0602,P007,2025-01-16,2025-01-16 17:04:00,2025-01-16 17:17:00,Running,768413,4.39
R0603,P005,2025-02-06,2025-02-06 08:45:00,2025-02-06 08:54:00,Failed,0,3.01
R0604,P003,2025-03-06,2025-03-06 00:42:00,2025-03-06 01:02:00,Failed,0,6.69
R0605,P010,2025-02-03,2025-02-03 04:34:00,2025-02-03 05:54:00,Success,9932628,37.93
R0606,P002,2025-04-30,2025-04-30 10:23:00,2025-04-30 10:54:00,Success,7943552,13.15
R0607,P009,2025-04-23,2025-04-23 01:17:00,2025-04-23 02:24:00,Success,1670016,33.09
R0608,P007,2025-01-02,2025-01-02 15:36:00,2025-01-02 16:54:00,Success,7783086,29.54
R0609,P009,2025-04-22,2025-04-22 14:30:00,2025-04-22 14:41:00,Failed,0,3.28
R0610,P002,2025-01-30,2025-01-30 11:37:00,2025-01-30 12:31:00,Success,4750657,23.38
R0611,P004,2025-01-26,2025-01-26 21:07:00,2025-01-26 21:40:00,Success,3090858,3.35
R0612,P002,2025-03-31,2025-03-31 13:52:00,2025-03-31 15:37:00,Delayed,8530806,17.86
R0613,P005,2025-04-09,2025-04-09 14:57:00,2025-04-09 15:18:00,Success,8668200,6.92
R0614,P001,2025-03-20,2025-03-20 11:44:00,2025-03-20 12:14:00,Running,2155280,13.72
R0615,P010,2025-01-13,2025-01-13 05:32:00,2025-01-13 06:30:00,Success,9831106,3.6
R0616,P008,2025-02-07,2025-02-07 15:11:00,2025-02-07 16:03:00,Success,5348485,5.21
R0617,P009,2025-01-30,2025-01-30 02:42:00,2025-01-30 03:42:00,Success,1690027,24.08
R0618,P006,2025-03-31,2025-03-31 22:33:00,2025-03-31 23:10:00,Success,7139849,5.07
R0619,P009,2025-02-03,2025-02-03 13:49:00,2025-02-03 14:27:00,Running,4892630,16.06
R0620,P001,2025-01-11,2025-01-11 07:49:00,2025-01-11 09:02:00,Success,261999,12.79
R0621,P010,2025-02-18,2025-02-18 06:58:00,2025-02-18 08:06:00,Success,7934790,27.58
R0622,P005,2025-03-11,2025-03-11 23:21:00,2025-03-12 00:30:00,Success,9747015,11.02
R0623,P007,2025-04-16,2025-04-16 04:14:00,2025-04-16 04:40:00,Success,7444560,6.96
R0624,P007,2025-04-09,2025-04-09 22:15:00,2025-04-09 23:17:00,Success,747772,10.09
R0625,P006,2025-04-05,2025-04-05 04:25:00,2025-04-05 07:00:00,Delayed,3596383,21.25
R0626,P004,2025-04-25,2025-04-25 03:17:00,2025-04-25 03:55:00,Success,6169047,17.18
R0627,P009,2025-03-10,2025-03-10 07:39:00,2025-03-10 09:40:00,Delayed,9902023,50.56
R0628,P004,2025-01-30,2025-01-30 04:39:00,2025-01-30 04:49:00,Success,695391,2.31
R0629,P002,2025-01-14,2025-01-14 15:31:00,2025-01-14 15:47:00,Success,3116197,6.55
R0630,P009,2025-02-04,2025-02-04 05:54:00,2025-02-04 06:40:00,Running,9143372,8.22
R0631,P008,2025-02-07,2025-02-07 23:08:00,2025-02-08 00:15:00,Success,9105248,9.07
R0632,P003,2025-03-08,2025-03-08 13:13:00,2025-03-08 13:42:00,Success,3979257,10.95
R0633,P006,2025-01-16,2025-01-16 16:53:00,2025-01-16 18:18:00,Running,1655341,20.45
R0634,P008,2025-02-25,2025-02-25 04:22:00,2025-02-25 05:54:00,Delayed,1269133,23.92
R0635,P001,2025-04-04,2025-04-04 14:18:00,2025-04-04 15:09:00,Success,1821481,10.69
R0636,P008,2025-02-24,2025-02-24 12:29:00,2025-02-24 12:58:00,Success,9718790,4.36
R0637,P010,2025-01-22,2025-01-22 04:45:00,2025-01-22 05:17:00,Success,2206217,12.15
R0638,P005,2025-01-01,2025-01-01 22:24:00,2025-01-01 23:54:00,Success,9230251,31.9
R0639,P003,2025-03-18,2025-03-18 23:28:00,2025-03-19 00:08:00,Success,3196603,13.09
R0640,P007,2025-04-17,2025-04-17 18:53:00,2025-04-17 19:40:00,Success,750182,2.99
R0641,P003,2025-04-22,2025-04-22 18:44:00,2025-04-22 19:05:00,Failed,0,3.46
R0642,P004,2025-01-02,2025-01-02 17:49:00,2025-01-02 18:16:00,Success,2930022,8.21
R0643,P008,2025-04-26,2025-04-26 21:43:00,2025-04-26 22:35:00,Success,2370689,13.36
R0644,P005,2025-01-16,2025-01-16 23:15:00,2025-01-17 00:19:00,Success,402547,13.62
R0645,P007,2025-01-25,2025-01-25 19:30:00,2025-01-25 20:20:00,Success,7794720,13.31
R0646,P010,2025-04-19,2025-04-19 23:44:00,2025-04-20 00:13:00,Failed,0,10.93
R0647,P005,2025-03-15,2025-03-15 09:52:00,2025-03-15 10:21:00,Success,613307,3.16
R0648,P010,2025-01-17,2025-01-17 00:58:00,2025-01-17 01:18:00,Success,9879297,6.91
R0649,P010,2025-01-04,2025-01-04 21:28:00,2025-01-04 22:14:00,Success,4159655,8.04
R0650,P010,2025-03-19,2025-03-19 13:01:00,2025-03-19 14:23:00,Success,3955049,15.41
R0651,P001,2025-04-13,2025-04-13 07:08:00,2025-04-13 07:55:00,Success,1507358,9.8
R0652,P006,2025-04-26,2025-04-26 10:06:00,2025-04-26 11:29:00,Success,2576181,15.66
R0653,P009,2025-03-13,2025-03-13 15:47:00,2025-03-13 17:07:00,Success,8283417,7.81
R0654,P004,2025-04-06,2025-04-06 15:37:00,2025-04-06 16:51:00,Success,5350292,26.17
R0655,P005,2025-02-25,2025-02-25 11:46:00,2025-02-25 13:08:00,Success,6422824,5.63
R0656,P001,2025-01-04,2025-01-04 19:26:00,2025-01-04 21:17:00,Delayed,6468164,15.87
R0657,P002,2025-01-11,2025-01-11 13:36:00,2025-01-11 14:36:00,Success,9901591,10.99
R0658,P004,2025-01-13,2025-01-13 10:08:00,2025-01-13 10:45:00,Success,4621749,6.34
R0659,P008,2025-01-26,2025-01-26 10:41:00,2025-01-26 11:44:00,Success,5427532,28.87
R0660,P004,2025-02-26,2025-02-26 21:30:00,2025-02-26 22:18:00,Success,7431619,3.53
R0661,P004,2025-03-22,2025-03-22 00:46:00,2025-03-22 01:45:00,Success,8878708,14.16
R0662,P003,2025-03-05,2025-03-05 20:09:00,2025-03-05 20:43:00,Success,7157278,15.57
R0663,P009,2025-03-21,2025-03-21 00:35:00,2025-03-21 00:59:00,Failed,0,10.43
R0664,P007,2025-04-13,2025-04-13 06:08:00,2025-04-13 07:16:00,Success,8307993,24.81
R0665,P001,2025-02-27,2025-02-27 19:54:00,2025-02-27 21:09:00,Success,8861138,32.88
R0666,P002,2025-02-23,2025-02-23 22:25:00,2025-02-23 22:54:00,Failed,0,7.99
R0667,P010,2025-04-08,2025-04-08 21:44:00,2025-04-08 22:29:00,Success,6034190,20.64
R0668,P007,2025-02-08,2025-02-08 12:15:00,2025-02-08 13:36:00,Success,4894664,23.09
R0669,P005,2025-03-09,2025-03-09 08:17:00,2025-03-09 08:35:00,Success,3341982,3.78
R0670,P003,2025-04-16,2025-04-16 04:44:00,2025-04-16 05:46:00,Success,3635520,14.83
R0671,P010,2025-03-22,2025-03-22 23:49:00,2025-03-23 00:23:00,Running,8985922,16.26
R0672,P002,2025-02-25,2025-02-25 10:03:00,2025-02-25 10:20:00,Success,7382352,1.56
R0673,P008,2025-03-06,2025-03-06 21:53:00,2025-03-06 22:18:00,Failed,0,3.75
R0674,P010,2025-02-21,2025-02-21 19:14:00,2025-02-21 19:29:00,Success,3197662,3.29
R0675,P001,2025-02-17,2025-02-17 19:40:00,2025-02-17 21:23:00,Delayed,8982328,19.0
R0676,P004,2025-03-09,2025-03-09 15:01:00,2025-03-09 16:25:00,Success,8734681,6.82
R0677,P004,2025-01-22,2025-01-22 21:52:00,2025-01-22 22:54:00,Success,1486713,4.38
R0678,P007,2025-04-18,2025-04-18 20:36:00,2025-04-18 21:48:00,Success,6621662,27.88
R0679,P009,2025-02-27,2025-02-27 06:43:00,2025-02-27 07:11:00,Failed,0,11.51
R0680,P004,2025-01-04,2025-01-04 09:16:00,2025-01-04 09:23:00,Failed,0,3.21
R0681,P009,2025-04-03,2025-04-03 10:43:00,2025-04-03 10:57:00,Success,8603467,1.18
R0682,P010,2025-04-11,2025-04-11 10:16:00,2025-04-11 10:26:00,Success,7124148,0.67
R0683,P010,2025-03-29,2025-03-29 23:47:00,2025-03-30 00:13:00,Success,9370457,7.92
R0684,P003,2025-03-20,2025-03-20 17:35:00,2025-03-20 18:50:00,Success,8853331,15.07
R0685,P002,2025-04-26,2025-04-26 19:39:00,2025-04-26 20:29:00,Running,8228051,22.67
R0686,P008,2025-04-10,2025-04-10 04:23:00,2025-04-10 05:13:00,Success,9646069,6.45
R0687,P008,2025-02-14,2025-02-14 09:25:00,2025-02-14 10:29:00,Success,5233819,15.08
R0688,P010,2025-03-16,2025-03-16 13:25:00,2025-03-16 14:34:00,Success,720532,29.81
R0689,P008,2025-03-02,2025-03-02 02:21:00,2025-03-02 04:29:00,Delayed,6267844,31.0
R0690,P005,2025-04-05,2025-04-05 05:07:00,2025-04-05 06:04:00,Success,6724048,28.12
R0691,P007,2025-01-06,2025-01-06 10:36:00,2025-01-06 11:51:00,Success,9231046,20.38
R0692,P001,2025-04-09,2025-04-09 10:22:00,2025-04-09 11:25:00,Success,5868793,19.51
R0693,P008,2025-01-22,2025-01-22 11:11:00,2025-01-22 11:39:00,Success,7078156,9.34
R0694,P009,2025-03-18,2025-03-18 15:50:00,2025-03-18 17:14:00,Success,3495404,13.57
R0695,P006,2025-03-31,2025-03-31 07:52:00,2025-03-31 09:07:00,Success,8526288,33.62
R0696,P010,2025-03-15,2025-03-15 07:50:00,2025-03-15 10:26:00,Delayed,7702925,68.86
R0697,P004,2025-02-12,2025-02-12 17:44:00,2025-02-12 18:48:00,Success,3884671,16.27
R0698,P008,2025-03-15,2025-03-15 09:35:00,2025-03-15 09:56:00,Success,3757065,1.64
R0699,P009,2025-02-05,2025-02-05 07:17:00,2025-02-05 08:36:00,Success,1881144,32.79
R0700,P009,2025-01-28,2025-01-28 15:12:00,2025-01-28 16:08:00,Success,9944279,7.54
R0701,P004,2025-01-24,2025-01-24 01:08:00,2025-01-24 02:25:00,Success,6874537,12.53
R0702,P006,2025-04-17,2025-04-17 11:59:00,2025-04-17 12:31:00,Success,1684124,7.78
R0703,P001,2025-02-24,2025-02-24 02:50:00,2025-02-24 03:10:00,Success,3759642,2.37
R0704,P008,2025-04-30,2025-04-30 12:43:00,2025-04-30 13:03:00,Success,8202965,4.62
R0705,P008,2025-02-19,2025-02-19 17:36:00,2025-02-19 17:57:00,Success,9644978,4.31
R0706,P004,2025-04-06,2025-04-06 07:02:00,2025-04-06 07:14:00,Failed,0,5.07
R0707,P004,2025-01-08,2025-01-08 04:00:00,2025-01-08 05:11:00,Success,3908370,18.05
R0708,P009,2025-02-25,2025-02-25 05:02:00,2025-02-25 05:26:00,Success,5279130,8.87
R0709,P007,2025-03-21,2025-03-21 05:36:00,2025-03-21 06:05:00,Failed,0,7.58
R0710,P008,2025-02-17,2025-02-17 18:15:00,2025-02-17 18:39:00,Failed,0,2.28
R0711,P009,2025-02-21,2025-02-21 04:33:00,2025-02-21 05:08:00,Running,7582573,2.17
R0712,P006,2025-02-16,2025-02-16 16:00:00,2025-02-16 16:56:00,Success,5751833,13.15
R0713,P002,2025-02-14,2025-02-14 07:33:00,2025-02-14 07:54:00,Success,395460,5.94
R0714,P006,2025-04-19,2025-04-19 22:30:00,2025-04-19 23:25:00,Success,967616,19.25
R0715,P007,2025-03-22,2025-03-22 00:17:00,2025-03-22 01:41:00,Running,7136046,30.76
R0716,P010,2025-04-15,2025-04-15 00:45:00,2025-04-15 02:03:00,Success,5628612,22.9
R0717,P006,2025-02-16,2025-02-16 21:49:00,2025-02-16 22:23:00,Success,1009373,3.1
R0718,P004,2025-04-13,2025-04-13 20:15:00,2025-04-13 22:19:00,Delayed,4530993,16.65
R0719,P007,2025-04-19,2025-04-19 10:18:00,2025-04-19 10:57:00,Success,4569940,9.21
R0720,P007,2025-02-18,2025-02-18 22:32:00,2025-02-18 23:41:00,Success,2864899,13.58
R0721,P004,2025-01-27,2025-01-27 03:35:00,2025-01-27 03:45:00,Success,8134024,3.78
R0722,P003,2025-04-06,2025-04-06 08:05:00,2025-04-06 08:25:00,Success,9040082,7.83
R0723,P001,2025-01-07,2025-01-07 05:45:00,2025-01-07 06:05:00,Success,2738326,9.88
R0724,P001,2025-04-17,2025-04-17 05:01:00,2025-04-17 05:51:00,Success,3986553,16.04
R0725,P005,2025-01-08,2025-01-08 03:50:00,2025-01-08 04:54:00,Success,9751307,29.03
R0726,P006,2025-02-05,2025-02-05 16:43:00,2025-02-05 17:08:00,Success,2300284,9.84
R0727,P003,2025-01-31,2025-01-31 09:29:00,2025-01-31 09:39:00,Success,3910414,4.21
R0728,P002,2025-02-20,2025-02-20 03:52:00,2025-02-20 05:19:00,Success,3981751,6.92
R0729,P003,2025-01-09,2025-01-09 09:47:00,2025-01-09 11:47:00,Delayed,2122297,17.07
R0730,P002,2025-02-19,2025-02-19 03:40:00,2025-02-19 04:12:00,Running,3429268,15.73
R0731,P001,2025-02-28,2025-02-28 09:06:00,2025-02-28 09:16:00,Failed,0,2.12
R0732,P003,2025-03-13,2025-03-13 05:48:00,2025-03-13 06:43:00,Success,5619804,4.59
R0733,P001,2025-02-03,2025-02-03 23:59:00,2025-02-04 00:14:00,Success,3780188,4.19
R0734,P009,2025-02-22,2025-02-22 07:48:00,2025-02-22 10:25:00,Delayed,7160195,77.98
R0735,P006,2025-03-24,2025-03-24 14:01:00,2025-03-24 15:26:00,Success,3428296,22.29
R0736,P003,2025-04-15,2025-04-15 05:02:00,2025-04-15 05:24:00,Success,3848581,7.42
R0737,P009,2025-02-14,2025-02-14 18:59:00,2025-02-14 19:36:00,Success,8737969,4.44
R0738,P007,2025-02-07,2025-02-07 09:10:00,2025-02-07 09:44:00,Success,7764629,5.87
R0739,P002,2025-01-29,2025-01-29 22:05:00,2025-01-29 22:16:00,Success,4638002,1.11
R0740,P001,2025-04-07,2025-04-07 16:10:00,2025-04-07 18:21:00,Delayed,4051555,25.6
R0741,P008,2025-03-28,2025-03-28 13:48:00,2025-03-28 13:59:00,Failed,0,4.25
R0742,P008,2025-01-14,2025-01-14 18:32:00,2025-01-14 18:56:00,Failed,0,1.24
R0743,P009,2025-01-18,2025-01-18 05:06:00,2025-01-18 05:33:00,Success,3853098,6.18
R0744,P002,2025-02-13,2025-02-13 21:54:00,2025-02-13 22:23:00,Failed,0,4.66
R0745,P009,2025-04-12,2025-04-12 04:10:00,2025-04-12 04:20:00,Success,2325940,1.15
R0746,P003,2025-04-05,2025-04-05 05:58:00,2025-04-05 06:36:00,Success,7984715,9.53
R0747,P006,2025-03-31,2025-03-31 01:58:00,2025-03-31 03:21:00,Delayed,9511315,37.69
R0748,P008,2025-01-10,2025-01-10 19:30:00,2025-01-10 19:41:00,Success,9857835,3.53
R0749,P009,2025-01-23,2025-01-23 09:03:00,2025-01-23 10:33:00,Success,9206020,30.06
R0750,P007,2025-01-30,2025-01-30 16:03:00,2025-01-30 16:18:00,Running,6875019,2.23
R0751,P006,2025-01-11,2025-01-11 03:57:00,2025-01-11 05:19:00,Success,5003078,28.36
R0752,P004,2025-02-20,2025-02-20 14:54:00,2025-02-20 15:49:00,Success,1997707,4.87
R0753,P001,2025-03-26,2025-03-26 11:15:00,2025-03-26 12:12:00,Success,3812658,22.0
R0754,P004,2025-04-30,2025-04-30 16:18:00,2025-04-30 17:35:00,Success,7019604,20.11
R0755,P007,2025-04-03,2025-04-03 14:31:00,2025-04-03 15:06:00,Success,111009,13.03
R0756,P002,2025-01-24,2025-01-24 01:55:00,2025-01-24 03:01:00,Success,7190117,9.6
R0757,P002,2025-02-03,2025-02-03 12:04:00,2025-02-03 13:03:00,Success,3668429,15.63
R0758,P007,2025-04-02,2025-04-02 02:52:00,2025-04-02 03:42:00,Success,424612,5.7
R0759,P009,2025-01-25,2025-01-25 12:49:00,2025-01-25 13:59:00,Success,3075561,15.7
R0760,P005,2025-01-14,2025-01-14 03:36:00,2025-01-14 04:47:00,Success,7187725,8.97
R0761,P009,2025-02-21,2025-02-21 15:10:00,2025-02-21 15:44:00,Success,389854,13.4
R0762,P008,2025-03-17,2025-03-17 15:44:00,2025-03-17 16:08:00,Failed,0,6.89
R0763,P006,2025-01-08,2025-01-08 23:03:00,2025-01-08 23:50:00,Success,1013900,6.76
R0764,P001,2025-01-23,2025-01-23 14:19:00,2025-01-23 14:34:00,Success,2062871,7.01
R0765,P002,2025-01-07,2025-01-07 23:38:00,2025-01-08 00:12:00,Success,1697147,11.66
R0766,P010,2025-03-01,2025-03-01 02:21:00,2025-03-01 02:57:00,Success,1339275,11.46
R0767,P001,2025-05-01,2025-05-01 11:53:00,2025-05-01 12:45:00,Success,1173824,11.0
R0768,P006,2025-03-20,2025-03-20 02:22:00,2025-03-20 05:10:00,Delayed,1650897,38.52
R0769,P001,2025-02-11,2025-02-11 00:22:00,2025-02-11 01:13:00,Success,1794419,15.48
R0770,P006,2025-03-10,2025-03-10 17:31:00,2025-03-10 18:32:00,Success,6580986,10.07
R0771,P004,2025-02-18,2025-02-18 15:32:00,2025-02-18 16:15:00,Success,429227,11.7
R0772,P008,2025-01-12,2025-01-12 10:23:00,2025-01-12 11:46:00,Success,5067686,27.29
R0773,P008,2025-02-25,2025-02-25 09:03:00,2025-02-25 09:47:00,Success,2483285,8.8
R0774,P004,2025-03-07,2025-03-07 16:36:00,2025-03-07 17:13:00,Success,8736446,5.99
R0775,P010,2025-02-15,2025-02-15 02:09:00,2025-02-15 02:34:00,Success,3887775,3.32
R0776,P001,2025-02-23,2025-02-23 04:28:00,2025-02-23 05:36:00,Success,2002664,29.88
R0777,P007,2025-04-01,2025-04-01 23:04:00,2025-04-02 00:14:00,Success,1114823,22.81
R0778,P004,2025-03-24,2025-03-24 01:46:00,2025-03-24 03:09:00,Success,7476888,12.19
R0779,P008,2025-04-10,2025-04-10 06:10:00,2025-04-10 06:58:00,Success,152844,22.79
R0780,P001,2025-04-23,2025-04-23 08:37:00,2025-04-23 09:45:00,Success,2286139,25.04
R0781,P009,2025-03-20,2025-03-20 19:56:00,2025-03-20 21:11:00,Success,1037565,24.8
R0782,P005,2025-04-14,2025-04-14 21:04:00,2025-04-14 21:57:00,Success,6622007,18.51
R0783,P010,2025-04-13,2025-04-13 08:39:00,2025-04-13 09:28:00,Success,8051690,16.11
R0784,P008,2025-04-23,2025-04-23 06:56:00,2025-04-23 07:31:00,Success,3823560,11.25
R0785,P009,2025-02-22,2025-02-22 11:03:00,2025-02-22 12:33:00,Success,1000697,37.52
R0786,P007,2025-04-26,2025-04-26 19:38:00,2025-04-26 20:08:00,Success,5741818,9.97
R0787,P001,2025-01-01,2025-01-01 13:15:00,2025-01-01 13:50:00,Success,3394076,10.3
R0788,P001,2025-03-25,2025-03-25 16:17:00,2025-03-25 16:56:00,Success,7090940,18.45
R0789,P006,2025-02-12,2025-02-12 06:48:00,2025-02-12 08:39:00,Delayed,7859268,37.17
R0790,P002,2025-01-04,2025-01-04 01:29:00,2025-01-04 02:38:00,Success,7110362,6.17
R0791,P005,2025-04-29,2025-04-29 15:10:00,2025-04-29 15:40:00,Success,5699938,9.53
R0792,P002,2025-04-30,2025-04-30 10:44:00,2025-04-30 11:29:00,Success,301497,8.76
R0793,P008,2025-03-06,2025-03-06 23:39:00,2025-03-07 00:38:00,Success,4418732,8.35
R0794,P007,2025-02-15,2025-02-15 22:27:00,2025-02-15 23:43:00,Success,1290976,5.99
R0795,P005,2025-02-08,2025-02-08 12:20:00,2025-02-08 12:53:00,Success,135210,2.25
R0796,P003,2025-03-05,2025-03-05 01:36:00,2025-03-05 03:04:00,Delayed,9232659,18.22
R0797,P005,2025-03-31,2025-03-31 05:47:00,2025-03-31 06:27:00,Success,9510604,17.05
R0798,P002,2025-02-24,2025-02-24 18:12:00,2025-02-24 18:47:00,Success,9693396,4.56
R0799,P009,2025-03-24,2025-03-24 12:45:00,2025-03-24 13:03:00,Success,4672532,5.5
R0800,P006,2025-01-15,2025-01-15 01:27:00,2025-01-15 01:38:00,Running,610592,5.21
R0801,P008,2025-03-26,2025-03-26 07:36:00,2025-03-26 08:28:00,Success,2422588,5.42
R0802,P005,2025-02-27,2025-02-27 15:50:00,2025-02-27 16:01:00,Failed,0,1.04
R0803,P010,2025-03-11,2025-03-11 14:04:00,2025-03-11 14:11:00,Failed,0,2.4
R0804,P005,2025-01-22,2025-01-22 19:15:00,2025-01-22 20:54:00,Delayed,7794152,37.63
R0805,P006,2025-04-24,2025-04-24 03:18:00,2025-04-24 03:47:00,Success,2019639,2.55
R0806,P007,2025-03-31,2025-03-31 12:20:00,2025-03-31 13:27:00,Delayed,7877552,4.2
R0807,P001,2025-03-29,2025-03-29 13:56:00,2025-03-29 15:12:00,Success,7480149,28.94
R0808,P003,2025-04-13,2025-04-13 16:58:00,2025-04-13 17:19:00,Success,5908712,7.66
R0809,P010,2025-02-17,2025-02-17 12:38:00,2025-02-17 13:42:00,Success,2726593,13.74
R0810,P006,2025-01-30,2025-01-30 07:37:00,2025-01-30 08:47:00,Success,5995448,20.67
R0811,P004,2025-01-19,2025-01-19 22:57:00,2025-01-20 00:07:00,Success,3711973,10.15
R0812,P005,2025-01-31,2025-01-31 09:41:00,2025-01-31 10:12:00,Success,60844,11.67
R0813,P004,2025-01-21,2025-01-21 06:42:00,2025-01-21 08:04:00,Success,6265100,27.0
R0814,P002,2025-04-27,2025-04-27 20:14:00,2025-04-27 21:03:00,Success,1333844,3.47
R0815,P010,2025-01-14,2025-01-14 19:18:00,2025-01-14 20:29:00,Success,507377,33.15
R0816,P006,2025-01-12,2025-01-12 03:17:00,2025-01-12 03:41:00,Success,1440120,2.54
R0817,P005,2025-01-21,2025-01-21 23:16:00,2025-01-22 00:17:00,Success,5791646,3.19
R0818,P005,2025-02-07,2025-02-07 12:41:00,2025-02-07 13:47:00,Success,6188142,10.6
R0819,P002,2025-04-12,2025-04-12 19:19:00,2025-04-12 19:41:00,Failed,0,10.65
R0820,P007,2025-01-22,2025-01-22 13:51:00,2025-01-22 15:05:00,Delayed,1703993,35.16
R0821,P002,2025-01-02,2025-01-02 16:15:00,2025-01-02 17:22:00,Running,4139495,18.19
R0822,P005,2025-01-10,2025-01-10 00:52:00,2025-01-10 02:13:00,Success,1120805,11.67
R0823,P007,2025-01-14,2025-01-14 21:50:00,2025-01-14 23:19:00,Success,4832685,41.88
R0824,P001,2025-03-31,2025-03-31 03:27:00,2025-03-31 04:51:00,Success,2862555,33.76
R0825,P008,2025-03-08,2025-03-08 01:38:00,2025-03-08 03:01:00,Running,4780290,16.74
R0826,P008,2025-01-05,2025-01-05 01:19:00,2025-01-05 01:37:00,Success,7987870,5.3
R0827,P005,2025-01-29,2025-01-29 20:10:00,2025-01-29 20:43:00,Success,1919311,2.22
R0828,P010,2025-02-05,2025-02-05 23:05:00,2025-02-05 23:29:00,Failed,0,6.05
R0829,P008,2025-02-17,2025-02-17 14:28:00,2025-02-17 15:05:00,Success,3905452,1.85
R0830,P008,2025-04-12,2025-04-12 21:02:00,2025-04-12 21:28:00,Success,3435345,5.08
R0831,P001,2025-01-17,2025-01-17 09:30:00,2025-01-17 10:25:00,Success,5293142,19.74
R0832,P007,2025-04-01,2025-04-01 11:35:00,2025-04-01 13:27:00,Delayed,5960979,10.39
R0833,P005,2025-02-19,2025-02-19 01:38:00,2025-02-19 02:21:00,Success,9550197,13.07
R0834,P002,2025-01-01,2025-01-01 12:52:00,2025-01-01 13:19:00,Success,9488219,10.89
R0835,P006,2025-04-11,2025-04-11 06:38:00,2025-04-11 07:35:00,Success,2762439,26.72
R0836,P005,2025-01-14,2025-01-14 17:36:00,2025-01-14 17:56:00,Success,6636933,7.29
R0837,P002,2025-04-13,2025-04-13 14:34:00,2025-04-13 15:34:00,Success,3167081,3.52
R0838,P006,2025-03-02,2025-03-02 15:56:00,2025-03-02 16:17:00,Success,5136041,9.29
R0839,P008,2025-02-28,2025-02-28 09:48:00,2025-02-28 10:18:00,Failed,0,6.49
R0840,P004,2025-04-30,2025-04-30 00:36:00,2025-04-30 01:36:00,Success,7429623,11.61
R0841,P006,2025-01-27,2025-01-27 10:25:00,2025-01-27 11:30:00,Success,2795526,6.28
R0842,P005,2025-02-15,2025-02-15 04:40:00,2025-02-15 05:11:00,Success,2213872,6.68
R0843,P001,2025-04-09,2025-04-09 14:03:00,2025-04-09 14:24:00,Success,2585614,1.32
R0844,P006,2025-02-28,2025-02-28 22:53:00,2025-02-28 23:33:00,Running,9556838,12.61
R0845,P008,2025-02-15,2025-02-15 01:08:00,2025-02-15 02:28:00,Success,4428067,38.48
R0846,P009,2025-01-10,2025-01-10 07:38:00,2025-01-10 08:05:00,Success,8440139,3.55
R0847,P003,2025-01-20,2025-01-20 06:44:00,2025-01-20 07:34:00,Success,8010151,20.02
R0848,P009,2025-04-27,2025-04-27 12:29:00,2025-04-27 12:52:00,Success,1669757,1.49
R0849,P003,2025-04-02,2025-04-02 17:52:00,2025-04-02 18:14:00,Success,9499598,3.39
R0850,P003,2025-02-09,2025-02-09 08:09:00,2025-02-09 09:28:00,Delayed,9651490,29.3
R0851,P006,2025-01-02,2025-01-02 01:23:00,2025-01-02 02:28:00,Success,5363988,25.01
R0852,P006,2025-02-12,2025-02-12 21:00:00,2025-02-12 22:35:00,Delayed,9011306,43.31
R0853,P010,2025-02-04,2025-02-04 08:58:00,2025-02-04 09:27:00,Success,8860867,10.29
R0854,P010,2025-04-16,2025-04-16 04:41:00,2025-04-16 05:34:00,Success,2051971,17.44
R0855,P003,2025-01-25,2025-01-25 16:07:00,2025-01-25 17:35:00,Success,85025,42.03
R0856,P001,2025-03-26,2025-03-26 04:52:00,2025-03-26 05:43:00,Success,1978045,11.76
R0857,P009,2025-02-02,2025-02-02 21:02:00,2025-02-02 21:17:00,Success,7047303,3.86
R0858,P006,2025-01-24,2025-01-24 20:04:00,2025-01-24 20:32:00,Success,5594811,7.16
R0859,P009,2025-04-24,2025-04-24 09:22:00,2025-04-24 10:17:00,Running,205173,3.44
R0860,P006,2025-02-13,2025-02-13 15:36:00,2025-02-13 16:02:00,Success,281144,7.4
R0861,P006,2025-04-24,2025-04-24 13:32:00,2025-04-24 13:37:00,Failed,0,1.91
R0862,P003,2025-04-14,2025-04-14 02:57:00,2025-04-14 03:23:00,Success,9237868,6.13
R0863,P001,2025-03-18,2025-03-18 20:42:00,2025-03-18 21:46:00,Success,5995536,9.36
R0864,P010,2025-03-15,2025-03-15 04:48:00,2025-03-15 05:03:00,Success,9650414,2.56
R0865,P009,2025-01-08,2025-01-08 14:51:00,2025-01-08 16:17:00,Success,4452855,15.13
R0866,P005,2025-03-11,2025-03-11 21:19:00,2025-03-11 21:31:00,Failed,0,5.21
R0867,P001,2025-04-13,2025-04-13 02:18:00,2025-04-13 02:39:00,Success,9384467,3.17
R0868,P006,2025-01-17,2025-01-17 14:10:00,2025-01-17 14:39:00,Success,2467785,4.06
R0869,P002,2025-03-13,2025-03-13 05:11:00,2025-03-13 05:38:00,Success,3951720,3.12
R0870,P010,2025-03-29,2025-03-29 08:54:00,2025-03-29 10:09:00,Success,5788913,37.37
R0871,P009,2025-03-22,2025-03-22 14:56:00,2025-03-22 15:42:00,Success,5643794,20.51
R0872,P006,2025-02-25,2025-02-25 14:21:00,2025-02-25 14:52:00,Success,2559562,14.07
R0873,P008,2025-03-06,2025-03-06 04:16:00,2025-03-06 04:50:00,Success,7154184,6.16
R0874,P004,2025-04-11,2025-04-11 04:14:00,2025-04-11 07:05:00,Delayed,5531219,38.55
R0875,P008,2025-04-04,2025-04-04 07:17:00,2025-04-04 07:36:00,Failed,0,8.92
R0876,P006,2025-01-18,2025-01-18 13:32:00,2025-01-18 14:29:00,Success,296159,17.78
R0877,P004,2025-04-16,2025-04-16 07:27:00,2025-04-16 07:49:00,Running,6836160,10.76
R0878,P009,2025-01-20,2025-01-20 23:46:00,2025-01-21 01:03:00,Success,1142383,18.05
R0879,P010,2025-01-30,2025-01-30 23:21:00,2025-01-31 00:23:00,Success,3907231,16.18
R0880,P006,2025-04-22,2025-04-22 13:30:00,2025-04-22 13:55:00,Failed,0,12.35
R0881,P005,2025-03-04,2025-03-04 12:11:00,2025-03-04 13:22:00,Delayed,5207880,3.61
R0882,P007,2025-01-07,2025-01-07 09:57:00,2025-01-07 11:08:00,Delayed,3013699,24.68
R0883,P009,2025-01-17,2025-01-17 23:24:00,2025-01-17 23:52:00,Success,2630631,7.2
R0884,P008,2025-02-27,2025-02-27 17:27:00,2025-02-27 18:19:00,Success,4024214,5.44
R0885,P005,2025-03-12,2025-03-12 15:05:00,2025-03-12 15:25:00,Success,6900947,8.62
R0886,P005,2025-03-29,2025-03-29 03:36:00,2025-03-29 04:53:00,Running,2032998,17.4
R0887,P006,2025-04-30,2025-04-30 03:04:00,2025-04-30 03:25:00,Success,8802529,7.67
R0888,P003,2025-02-05,2025-02-05 04:08:00,2025-02-05 04:28:00,Success,3566906,6.87
R0889,P002,2025-02-11,2025-02-11 07:54:00,2025-02-11 08:54:00,Success,9565463,13.16
R0890,P008,2025-01-30,2025-01-30 01:58:00,2025-01-30 02:20:00,Success,8124433,9.71
R0891,P007,2025-01-26,2025-01-26 22:01:00,2025-01-26 22:38:00,Success,5332654,14.46
R0892,P008,2025-04-23,2025-04-23 11:14:00,2025-04-23 12:02:00,Success,6745797,5.74
R0893,P005,2025-02-19,2025-02-19 11:12:00,2025-02-19 12:18:00,Success,4095737,21.16
R0894,P005,2025-04-03,2025-04-03 01:53:00,2025-04-03 02:03:00,Success,7576842,4.35
R0895,P002,2025-01-19,2025-01-19 01:11:00,2025-01-19 02:41:00,Success,2080780,44.27
R0896,P010,2025-04-28,2025-04-28 00:05:00,2025-04-28 01:19:00,Success,7071396,14.04
R0897,P008,2025-01-14,2025-01-14 02:07:00,2025-01-14 02:33:00,Failed,0,11.61
R0898,P008,2025-02-14,2025-02-14 21:52:00,2025-02-14 23:17:00,Success,3839960,20.49
R0899,P006,2025-04-17,2025-04-17 00:23:00,2025-04-17 00:56:00,Success,9484586,1.69
R0900,P004,2025-04-23,2025-04-23 01:49:00,2025-04-23 03:40:00,Delayed,278296,11.32
R0901,P003,2025-01-07,2025-01-07 17:06:00,2025-01-07 17:11:00,Failed,0,0.88
R0902,P007,2025-02-05,2025-02-05 06:18:00,2025-02-05 06:35:00,Failed,0,3.35
R0903,P001,2025-03-21,2025-03-21 05:14:00,2025-03-21 06:38:00,Success,3175292,9.19
R0904,P003,2025-04-27,2025-04-27 14:32:00,2025-04-27 15:00:00,Failed,0,10.88
R0905,P001,2025-03-11,2025-03-11 15:59:00,2025-03-11 16:18:00,Success,3245176,1.72
R0906,P002,2025-01-21,2025-01-21 05:36:00,2025-01-21 05:46:00,Success,9697311,4.71
R0907,P005,2025-02-27,2025-02-27 14:23:00,2025-02-27 14:39:00,Failed,0,5.48
R0908,P010,2025-03-11,2025-03-11 12:08:00,2025-03-11 13:38:00,Success,8485652,41.89
R0909,P004,2025-01-31,2025-01-31 14:26:00,2025-01-31 16:53:00,Delayed,2935091,53.47
R0910,P009,2025-04-04,2025-04-04 22:25:00,2025-04-04 23:13:00,Success,462848,17.86
R0911,P007,2025-01-01,2025-01-01 08:02:00,2025-01-01 08:22:00,Failed,0,7.68
R0912,P002,2025-01-10,2025-01-10 08:48:00,2025-01-10 09:46:00,Success,6945071,3.22
R0913,P003,2025-01-13,2025-01-13 11:54:00,2025-01-13 13:42:00,Delayed,2412364,35.27
R0914,P009,2025-01-05,2025-01-05 14:55:00,2025-01-05 15:42:00,Success,8721226,12.58
R0915,P005,2025-03-22,2025-03-22 10:22:00,2025-03-22 13:06:00,Delayed,2537784,36.6
R0916,P003,2025-02-02,2025-02-02 04:28:00,2025-02-02 05:20:00,Success,8414250,8.13
R0917,P010,2025-03-09,2025-03-09 23:38:00,2025-03-10 00:02:00,Success,2838137,4.75
R0918,P009,2025-03-24,2025-03-24 06:48:00,2025-03-24 07:46:00,Success,2189751,26.63
R0919,P006,2025-01-08,2025-01-08 09:20:00,2025-01-08 10:36:00,Success,1293276,10.87
R0920,P007,2025-02-17,2025-02-17 20:17:00,2025-02-17 21:34:00,Success,3096491,21.53
R0921,P009,2025-02-21,2025-02-21 02:22:00,2025-02-21 02:45:00,Success,625302,8.29
R0922,P007,2025-02-02,2025-02-02 06:38:00,2025-02-02 07:43:00,Success,3319624,23.59
R0923,P001,2025-02-17,2025-02-17 18:06:00,2025-02-17 18:19:00,Failed,0,3.95
R0924,P008,2025-04-19,2025-04-19 15:46:00,2025-04-19 16:33:00,Success,9462263,18.1
R0925,P005,2025-04-07,2025-04-07 11:34:00,2025-04-07 12:47:00,Success,9143827,23.13
R0926,P007,2025-02-11,2025-02-11 02:45:00,2025-02-11 03:40:00,Success,1712029,19.3
R0927,P004,2025-01-07,2025-01-07 09:50:00,2025-01-07 10:20:00,Success,2965871,1.84
R0928,P007,2025-04-26,2025-04-26 05:05:00,2025-04-26 06:24:00,Success,8706348,22.85
R0929,P003,2025-01-07,2025-01-07 01:42:00,2025-01-07 01:52:00,Failed,0,2.01
R0930,P008,2025-01-12,2025-01-12 04:14:00,2025-01-12 04:35:00,Success,833508,4.93
R0931,P005,2025-01-26,2025-01-26 13:47:00,2025-01-26 14:13:00,Success,331208,9.37
R0932,P004,2025-01-04,2025-01-04 10:30:00,2025-01-04 10:51:00,Success,9843828,3.55
R0933,P004,2025-02-17,2025-02-17 07:13:00,2025-02-17 07:46:00,Success,7798759,11.76
R0934,P001,2025-04-30,2025-04-30 03:55:00,2025-04-30 05:09:00,Success,5581828,32.07
R0935,P002,2025-04-13,2025-04-13 21:06:00,2025-04-13 22:27:00,Success,9875345,22.72
R0936,P003,2025-02-15,2025-02-15 04:54:00,2025-02-15 05:43:00,Success,6586058,6.19
R0937,P009,2025-04-02,2025-04-02 19:47:00,2025-04-02 20:48:00,Success,6449307,9.12
R0938,P006,2025-02-23,2025-02-23 04:41:00,2025-02-23 05:18:00,Success,1425086,18.2
R0939,P003,2025-04-14,2025-04-14 14:03:00,2025-04-14 14:14:00,Success,9745458,4.12
R0940,P006,2025-04-07,2025-04-07 05:36:00,2025-04-07 08:15:00,Delayed,1739653,45.81
R0941,P001,2025-01-09,2025-01-09 20:05:00,2025-01-09 20:34:00,Running,1116497,6.47
R0942,P005,2025-04-20,2025-04-20 19:07:00,2025-04-20 19:26:00,Success,9363939,7.68
R0943,P005,2025-04-14,2025-04-14 21:38:00,2025-04-14 21:55:00,Success,5432727,5.64
R0944,P010,2025-02-03,2025-02-03 07:03:00,2025-02-03 08:23:00,Success,4423635,36.11
R0945,P010,2025-02-11,2025-02-11 14:36:00,2025-02-11 15:21:00,Success,4188238,9.28
R0946,P008,2025-01-24,2025-01-24 16:59:00,2025-01-24 18:24:00,Success,8189499,29.13
R0947,P010,2025-03-02,2025-03-02 17:36:00,2025-03-02 18:31:00,Success,4312215,3.93
R0948,P005,2025-04-19,2025-04-19 22:45:00,2025-04-19 23:31:00,Success,444068,4.67
R0949,P001,2025-04-28,2025-04-28 11:22:00,2025-04-28 12:48:00,Success,6584482,12.74
R0950,P007,2025-01-30,2025-01-30 15:46:00,2025-01-30 16:27:00,Running,6271765,20.25
R0951,P009,2025-01-23,2025-01-23 21:51:00,2025-01-23 22:30:00,Success,149709,9.52
R0952,P009,2025-01-05,2025-01-05 04:14:00,2025-01-05 05:16:00,Success,362180,18.89
R0953,P008,2025-02-20,2025-02-20 22:29:00,2025-02-20 23:12:00,Success,9842450,5.27
R0954,P002,2025-04-06,2025-04-06 09:55:00,2025-04-06 10:06:00,Success,2747189,2.65
R0955,P001,2025-04-05,2025-04-05 13:58:00,2025-04-05 15:23:00,Success,5025329,38.77
R0956,P008,2025-04-12,2025-04-12 01:54:00,2025-04-12 02:59:00,Success,2504428,23.62
R0957,P008,2025-03-13,2025-03-13 13:16:00,2025-03-13 14:30:00,Success,2225968,27.62
R0958,P002,2025-01-13,2025-01-13 04:58:00,2025-01-13 05:17:00,Success,2027162,7.41
R0959,P010,2025-04-29,2025-04-29 00:53:00,2025-04-29 01:29:00,Success,2595072,10.02
R0960,P006,2025-01-01,2025-01-01 00:43:00,2025-01-01 01:22:00,Success,9958772,9.64
R0961,P004,2025-04-23,2025-04-23 16:04:00,2025-04-23 17:20:00,Delayed,9273105,32.07
R0962,P001,2025-02-21,2025-02-21 11:17:00,2025-02-21 11:39:00,Success,4392352,1.67
R0963,P009,2025-04-11,2025-04-11 11:25:00,2025-04-11 12:44:00,Success,6675141,14.72
R0964,P010,2025-04-24,2025-04-24 04:16:00,2025-04-24 05:09:00,Success,2857669,2.97
R0965,P006,2025-03-22,2025-03-22 13:13:00,2025-03-22 13:59:00,Success,8226144,12.26
R0966,P004,2025-01-11,2025-01-11 15:46:00,2025-01-11 16:47:00,Success,4802027,25.74
R0967,P003,2025-02-07,2025-02-07 09:48:00,2025-02-07 10:23:00,Running,4416527,16.37
R0968,P006,2025-05-01,2025-05-01 06:21:00,2025-05-01 06:32:00,Success,8929883,4.54
R0969,P010,2025-01-23,2025-01-23 13:47:00,2025-01-23 14:03:00,Failed,0,7.56
R0970,P001,2025-01-28,2025-01-28 21:27:00,2025-01-28 22:16:00,Success,9630210,22.72
R0971,P009,2025-03-27,2025-03-27 13:57:00,2025-03-27 16:25:00,Delayed,9724135,52.42
R0972,P002,2025-03-24,2025-03-24 23:28:00,2025-03-25 00:43:00,Success,6743260,23.35
R0973,P003,2025-03-28,2025-03-28 04:56:00,2025-03-28 06:20:00,Success,7481239,25.58
R0974,P010,2025-03-22,2025-03-22 02:37:00,2025-03-22 03:12:00,Success,2784377,1.93
R0975,P002,2025-03-02,2025-03-02 15:57:00,2025-03-02 17:04:00,Success,2737716,7.2
R0976,P007,2025-03-26,2025-03-26 17:45:00,2025-03-26 19:20:00,Delayed,8280391,37.92
R0977,P003,2025-03-17,2025-03-17 07:00:00,2025-03-17 08:12:00,Success,2971402,29.98
R0978,P006,2025-01-27,2025-01-27 18:14:00,2025-01-27 18:31:00,Success,506944,1.02
R0979,P006,2025-03-13,2025-03-13 16:14:00,2025-03-13 16:33:00,Failed,0,2.89
R0980,P004,2025-02-10,2025-02-10 10:38:00,2025-02-10 11:02:00,Success,5591304,8.86
R0981,P003,2025-02-06,2025-02-06 23:10:00,2025-02-06 23:16:00,Failed,0,2.87
R0982,P008,2025-03-08,2025-03-08 16:34:00,2025-03-08 16:53:00,Success,6766608,3.03
R0983,P005,2025-04-12,2025-04-12 04:08:00,2025-04-12 05:07:00,Success,1506872,16.12
R0984,P010,2025-03-15,2025-03-15 04:56:00,2025-03-15 05:01:00,Failed,0,2.29
R0985,P005,2025-03-16,2025-03-16 03:48:00,2025-03-16 04:54:00,Delayed,9083346,15.82
R0986,P004,2025-04-14,2025-04-14 05:01:00,2025-04-14 07:22:00,Delayed,2977257,63.32
R0987,P001,2025-01-10,2025-01-10 17:06:00,2025-01-10 17:48:00,Success,8350265,15.86
R0988,P008,2025-01-24,2025-01-24 16:01:00,2025-01-24 16:14:00,Failed,0,5.55
R0989,P008,2025-03-28,2025-03-28 06:49:00,2025-03-28 07:01:00,Running,6429871,0.94
R0990,P009,2025-03-12,2025-03-12 21:57:00,2025-03-12 22:52:00,Success,2723830,16.24
R0991,P007,2025-04-13,2025-04-13 22:31:00,2025-04-14 01:20:00,Delayed,2834700,48.46
R0992,P008,2025-04-25,2025-04-25 23:52:00,2025-04-26 00:09:00,Success,1209366,2.24
R0993,P008,2025-03-09,2025-03-09 11:23:00,2025-03-09 12:11:00,Success,3696878,22.15
R0994,P004,2025-04-14,2025-04-14 22:42:00,2025-04-14 23:31:00,Success,8695416,16.1
R0995,P003,2025-04-24,2025-04-24 20:47:00,2025-04-24 20:57:00,Success,8312346,1.78
R0996,P008,2025-04-19,2025-04-19 06:04:00,2025-04-19 06:31:00,Running,1477805,9.36
R0997,P004,2025-04-18,2025-04-18 02:22:00,2025-04-18 02:45:00,Success,4349904,6.27
R0998,P002,2025-01-25,2025-01-25 08:24:00,2025-01-25 09:23:00,Success,6392481,22.65
R0999,P010,2025-04-24,2025-04-24 03:16:00,2025-04-24 03:41:00,Failed,0,1.82
R1000,P003,2025-04-12,2025-04-12 21:37:00,2025-04-12 22:27:00,Success,4146436,20.19
